InteractionID,CustomerID,ServiceCategory,TimeToResolution,CustomerSatisfactionScore,AssignedEmployeeID,Date
INT00001,CUST0422,Consultancy,7,1,EMP012,2024-01-17
INT00002,CUST0188,Consultancy,10,2,EMP038,2024-09-28
INT00003,CUST0007,Maintenance,10,5,EMP044,2024-03-08
INT00004,CUST0133,Maintenance,11,2,EMP046,2024-10-02
INT00005,CUST0235,Maintenance,2,4,EMP034,2024-09-04
INT00006,CUST0045,Support,14,1,EMP041,2024-08-28
INT00007,CUST0314,Support,9,4,EMP010,2024-06-12
INT00008,CUST0249,Maintenance,1,1,EMP017,2024-06-08
INT00009,CUST0499,Consultancy,11,5,EMP017,2024-11-05
INT00010,CUST0031,Support,10,1,EMP003,2024-03-06
INT00011,CUST0023,Maintenance,6,1,EMP031,2024-05-06
INT00012,CUST0426,Consultancy,9,1,EMP001,2024-02-13
INT00013,CUST0394,Support,1,2,EMP012,2024-04-10
INT00014,CUST0160,Consultancy,4,2,EMP039,2024-04-05
INT00015,CUST0363,Consultancy,4,5,EMP004,2024-08-10
INT00016,CUST0437,Consultancy,9,1,EMP042,2024-04-28
INT00017,CUST0158,Consultancy,11,3,EMP013,2024-08-07
INT00018,CUST0039,Support,5,5,EMP034,2024-07-04
INT00019,CUST0415,Support,5,1,EMP042,2024-03-05
INT00020,CUST0082,Support,6,1,EMP021,2024-05-29
INT00021,CUST0356,Maintenance,1,2,EMP022,2024-07-06
INT00022,CUST0258,Support,1,5,EMP004,2024-09-25
INT00023,CUST0206,Consultancy,9,1,EMP018,2024-05-14
INT00024,CUST0077,Support,3,1,EMP005,2024-08-26
INT00025,CUST0477,Consultancy,4,5,EMP019,2024-05-31
INT00026,CUST0012,Maintenance,1,3,EMP002,2023-12-30
INT00027,CUST0295,Consultancy,9,5,EMP012,2024-04-27
INT00028,CUST0450,Consultancy,8,5,EMP017,2023-12-17
INT00029,CUST0224,Consultancy,2,3,EMP010,2024-01-02
INT00030,CUST0013,Maintenance,8,5,EMP034,2024-04-25
INT00031,CUST0046,Support,7,1,EMP006,2024-01-31
INT00032,CUST0155,Support,11,5,EMP008,2024-10-09
INT00033,CUST0113,Maintenance,6,3,EMP011,2024-07-26
INT00034,CUST0233,Consultancy,1,4,EMP012,2024-09-23
INT00035,CUST0017,Support,7,5,EMP009,2024-05-08
INT00036,CUST0360,Maintenance,10,2,EMP002,2024-06-30
INT00037,CUST0223,Support,7,1,EMP008,2024-11-17
INT00038,CUST0354,Maintenance,13,1,EMP011,2024-05-26
INT00039,CUST0188,Consultancy,14,2,EMP036,2024-11-16
INT00040,CUST0448,Support,9,2,EMP010,2024-05-08
INT00041,CUST0344,Maintenance,1,5,EMP021,2024-08-29
INT00042,CUST0365,Support,2,2,EMP020,2024-11-21
INT00043,CUST0163,Support,11,4,EMP048,2024-02-22
INT00044,CUST0496,Support,9,3,EMP008,2024-03-13
INT00045,CUST0326,Support,13,2,EMP036,2024-07-16
INT00046,CUST0467,Maintenance,9,2,EMP029,2024-09-07
INT00047,CUST0414,Consultancy,13,4,EMP042,2024-09-16
INT00048,CUST0455,Maintenance,6,1,EMP012,2024-01-14
INT00049,CUST0074,Maintenance,6,1,EMP014,2024-08-31
INT00050,CUST0233,Maintenance,4,5,EMP048,2023-12-30
INT00051,CUST0224,Consultancy,4,4,EMP050,2024-02-04
INT00052,CUST0482,Support,5,3,EMP021,2024-11-05
INT00053,CUST0319,Support,3,3,EMP022,2024-06-18
INT00054,CUST0412,Support,1,4,EMP021,2024-05-31
INT00055,CUST0060,Consultancy,1,3,EMP044,2024-08-07
INT00056,CUST0335,Support,12,1,EMP050,2024-10-29
INT00057,CUST0222,Consultancy,13,3,EMP030,2024-08-08
INT00058,CUST0037,Support,7,3,EMP039,2024-02-21
INT00059,CUST0477,Support,1,4,EMP020,2024-02-15
INT00060,CUST0278,Maintenance,1,4,EMP024,2023-12-18
INT00061,CUST0196,Consultancy,3,3,EMP023,2024-04-17
INT00062,CUST0404,Maintenance,10,2,EMP007,2024-08-16
INT00063,CUST0352,Maintenance,4,4,EMP009,2024-05-08
INT00064,CUST0484,Maintenance,4,5,EMP001,2023-12-23
INT00065,CUST0242,Consultancy,2,5,EMP026,2024-06-03
INT00066,CUST0324,Consultancy,1,1,EMP038,2024-07-25
INT00067,CUST0219,Support,3,3,EMP038,2024-10-21
INT00068,CUST0192,Maintenance,11,2,EMP044,2024-07-28
INT00069,CUST0017,Support,4,1,EMP022,2024-03-16
INT00070,CUST0012,Maintenance,3,3,EMP044,2023-12-18
INT00071,CUST0406,Consultancy,8,4,EMP010,2024-08-25
INT00072,CUST0401,Consultancy,14,5,EMP006,2024-06-17
INT00073,CUST0394,Consultancy,10,2,EMP017,2024-06-02
INT00074,CUST0374,Maintenance,1,5,EMP050,2024-02-17
INT00075,CUST0193,Consultancy,14,4,EMP038,2024-11-19
INT00076,CUST0022,Maintenance,2,3,EMP024,2024-04-04
INT00077,CUST0474,Support,13,4,EMP010,2024-06-30
INT00078,CUST0120,Maintenance,7,4,EMP008,2024-09-11
INT00079,CUST0210,Support,4,5,EMP021,2024-08-29
INT00080,CUST0306,Maintenance,8,2,EMP006,2024-09-10
INT00081,CUST0270,Support,11,4,EMP021,2024-05-06
INT00082,CUST0192,Consultancy,13,5,EMP039,2024-10-17
INT00083,CUST0175,Support,3,2,EMP024,2023-12-13
INT00084,CUST0285,Consultancy,6,3,EMP033,2024-03-05
INT00085,CUST0204,Consultancy,9,3,EMP018,2024-08-19
INT00086,CUST0164,Support,1,1,EMP028,2024-05-09
INT00087,CUST0251,Maintenance,1,5,EMP032,2024-11-29
INT00088,CUST0227,Maintenance,8,2,EMP012,2024-02-25
INT00089,CUST0436,Maintenance,3,4,EMP048,2023-12-12
INT00090,CUST0381,Maintenance,5,3,EMP042,2024-07-19
INT00091,CUST0460,Maintenance,1,2,EMP027,2024-05-14
INT00092,CUST0007,Consultancy,5,5,EMP010,2024-02-03
INT00093,CUST0029,Maintenance,11,1,EMP046,2024-07-23
INT00094,CUST0395,Consultancy,6,3,EMP042,2024-06-19
INT00095,CUST0033,Consultancy,8,2,EMP032,2024-10-27
INT00096,CUST0134,Consultancy,13,2,EMP042,2024-08-21
INT00097,CUST0367,Support,14,2,EMP026,2024-04-14
INT00098,CUST0079,Support,3,5,EMP025,2024-05-23
INT00099,CUST0416,Consultancy,3,5,EMP011,2024-07-07
INT00100,CUST0435,Support,12,5,EMP023,2023-12-29
INT00101,CUST0459,Maintenance,11,4,EMP034,2024-02-04
INT00102,CUST0058,Maintenance,11,2,EMP040,2023-12-22
INT00103,CUST0471,Consultancy,10,3,EMP023,2024-06-12
INT00104,CUST0026,Maintenance,9,5,EMP029,2024-01-16
INT00105,CUST0482,Consultancy,4,5,EMP031,2024-05-20
INT00106,CUST0430,Consultancy,4,2,EMP007,2024-06-27
INT00107,CUST0226,Maintenance,12,5,EMP040,2024-09-30
INT00108,CUST0285,Support,7,4,EMP033,2024-10-27
INT00109,CUST0004,Maintenance,2,4,EMP021,2024-11-20
INT00110,CUST0465,Maintenance,8,5,EMP002,2024-08-18
INT00111,CUST0099,Consultancy,6,2,EMP018,2024-05-22
INT00112,CUST0397,Consultancy,3,2,EMP047,2024-05-29
INT00113,CUST0489,Consultancy,9,2,EMP033,2024-09-18
INT00114,CUST0039,Consultancy,5,1,EMP037,2024-06-29
INT00115,CUST0271,Support,8,5,EMP034,2024-12-03
INT00116,CUST0375,Support,7,2,EMP020,2024-11-15
INT00117,CUST0285,Support,14,4,EMP035,2024-01-15
INT00118,CUST0157,Consultancy,8,3,EMP050,2024-10-04
INT00119,CUST0075,Consultancy,7,3,EMP018,2024-11-13
INT00120,CUST0372,Consultancy,3,2,EMP046,2024-02-02
INT00121,CUST0288,Support,2,3,EMP024,2024-01-20
INT00122,CUST0130,Consultancy,7,3,EMP008,2024-06-01
INT00123,CUST0175,Maintenance,3,1,EMP030,2024-02-02
INT00124,CUST0462,Maintenance,3,4,EMP044,2024-12-06
INT00125,CUST0084,Consultancy,2,4,EMP010,2024-03-09
INT00126,CUST0022,Maintenance,4,1,EMP023,2024-01-15
INT00127,CUST0459,Maintenance,8,1,EMP049,2024-01-20
INT00128,CUST0027,Support,12,3,EMP011,2024-10-25
INT00129,CUST0195,Consultancy,1,5,EMP002,2024-02-25
INT00130,CUST0337,Consultancy,1,3,EMP026,2024-01-23
INT00131,CUST0382,Support,12,1,EMP036,2024-05-10
INT00132,CUST0236,Maintenance,14,4,EMP033,2024-01-06
INT00133,CUST0440,Maintenance,5,3,EMP047,2024-06-18
INT00134,CUST0092,Consultancy,11,5,EMP013,2024-03-22
INT00135,CUST0477,Maintenance,5,3,EMP040,2024-06-17
INT00136,CUST0021,Support,11,2,EMP025,2024-04-06
INT00137,CUST0303,Support,12,3,EMP004,2024-07-22
INT00138,CUST0464,Consultancy,1,1,EMP042,2024-05-16
INT00139,CUST0357,Support,6,4,EMP019,2024-01-28
INT00140,CUST0443,Support,1,4,EMP018,2024-07-30
INT00141,CUST0084,Consultancy,5,1,EMP037,2024-04-10
INT00142,CUST0262,Support,9,2,EMP030,2024-01-03
INT00143,CUST0147,Support,12,1,EMP019,2024-01-13
INT00144,CUST0441,Support,14,3,EMP023,2024-03-25
INT00145,CUST0453,Maintenance,5,1,EMP016,2024-02-21
INT00146,CUST0387,Consultancy,6,1,EMP001,2023-12-15
INT00147,CUST0257,Consultancy,8,2,EMP012,2024-02-29
INT00148,CUST0058,Consultancy,11,3,EMP024,2023-12-10
INT00149,CUST0380,Maintenance,1,5,EMP034,2024-06-14
INT00150,CUST0422,Maintenance,14,5,EMP008,2024-08-17
INT00151,CUST0015,Consultancy,2,4,EMP018,2024-05-03
INT00152,CUST0162,Maintenance,9,1,EMP048,2024-10-21
INT00153,CUST0445,Consultancy,3,4,EMP005,2024-06-26
INT00154,CUST0163,Maintenance,6,2,EMP026,2024-10-04
INT00155,CUST0320,Support,5,5,EMP030,2024-05-11
INT00156,CUST0497,Support,11,1,EMP013,2024-12-02
INT00157,CUST0281,Consultancy,2,2,EMP019,2024-12-04
INT00158,CUST0280,Maintenance,14,2,EMP029,2024-02-05
INT00159,CUST0012,Maintenance,7,1,EMP003,2024-07-11
INT00160,CUST0274,Support,4,2,EMP026,2024-10-19
INT00161,CUST0271,Support,1,1,EMP040,2023-12-18
INT00162,CUST0492,Maintenance,13,1,EMP012,2024-07-26
INT00163,CUST0208,Maintenance,4,3,EMP002,2024-05-28
INT00164,CUST0027,Maintenance,6,4,EMP011,2024-02-09
INT00165,CUST0072,Maintenance,7,2,EMP044,2024-11-13
INT00166,CUST0060,Maintenance,7,2,EMP028,2024-07-28
INT00167,CUST0430,Maintenance,14,3,EMP018,2024-11-07
INT00168,CUST0473,Consultancy,7,3,EMP013,2024-10-03
INT00169,CUST0145,Maintenance,3,3,EMP037,2024-04-18
INT00170,CUST0093,Support,6,5,EMP022,2023-12-28
INT00171,CUST0309,Consultancy,13,5,EMP012,2024-08-05
INT00172,CUST0008,Maintenance,8,5,EMP002,2024-07-26
INT00173,CUST0079,Support,4,1,EMP037,2024-07-23
INT00174,CUST0027,Consultancy,13,2,EMP007,2024-10-04
INT00175,CUST0174,Support,8,4,EMP026,2024-05-08
INT00176,CUST0050,Maintenance,2,1,EMP026,2023-12-09
INT00177,CUST0500,Maintenance,10,2,EMP024,2024-08-19
INT00178,CUST0199,Maintenance,9,2,EMP012,2023-12-31
INT00179,CUST0387,Maintenance,9,3,EMP016,2024-06-04
INT00180,CUST0349,Consultancy,8,3,EMP023,2024-04-30
INT00181,CUST0448,Consultancy,10,1,EMP040,2024-03-19
INT00182,CUST0428,Support,14,3,EMP009,2024-08-15
INT00183,CUST0181,Maintenance,13,2,EMP032,2024-01-11
INT00184,CUST0024,Support,10,3,EMP015,2023-12-24
INT00185,CUST0316,Consultancy,1,5,EMP037,2024-03-05
INT00186,CUST0378,Maintenance,2,3,EMP013,2024-03-17
INT00187,CUST0387,Maintenance,6,2,EMP005,2024-05-17
INT00188,CUST0404,Consultancy,10,1,EMP011,2024-04-06
INT00189,CUST0046,Consultancy,5,4,EMP010,2023-12-22
INT00190,CUST0015,Consultancy,12,3,EMP013,2024-03-06
INT00191,CUST0153,Consultancy,14,2,EMP041,2024-11-20
INT00192,CUST0222,Consultancy,9,4,EMP046,2024-04-18
INT00193,CUST0206,Maintenance,5,4,EMP050,2024-10-05
INT00194,CUST0455,Consultancy,2,5,EMP015,2024-09-21
INT00195,CUST0273,Maintenance,10,4,EMP042,2024-01-02
INT00196,CUST0382,Maintenance,4,2,EMP007,2024-04-17
INT00197,CUST0236,Consultancy,9,2,EMP040,2024-10-05
INT00198,CUST0340,Consultancy,1,3,EMP028,2024-05-06
INT00199,CUST0228,Maintenance,11,3,EMP032,2024-08-01
INT00200,CUST0009,Consultancy,1,3,EMP035,2024-07-03
INT00201,CUST0166,Consultancy,12,4,EMP015,2024-04-14
INT00202,CUST0432,Consultancy,7,4,EMP048,2024-03-17
INT00203,CUST0444,Support,11,5,EMP036,2024-03-29
INT00204,CUST0319,Maintenance,3,3,EMP021,2024-04-24
INT00205,CUST0214,Support,10,1,EMP006,2024-11-29
INT00206,CUST0117,Consultancy,2,5,EMP001,2024-05-05
INT00207,CUST0386,Support,9,1,EMP004,2024-11-10
INT00208,CUST0344,Consultancy,3,4,EMP011,2024-11-02
INT00209,CUST0072,Support,2,5,EMP044,2024-10-14
INT00210,CUST0395,Consultancy,12,5,EMP026,2024-01-13
INT00211,CUST0064,Support,8,2,EMP037,2024-09-15
INT00212,CUST0205,Support,10,4,EMP023,2024-01-29
INT00213,CUST0209,Support,6,4,EMP029,2024-09-01
INT00214,CUST0072,Maintenance,6,5,EMP021,2024-08-24
INT00215,CUST0277,Support,10,4,EMP048,2024-05-09
INT00216,CUST0274,Maintenance,11,5,EMP045,2024-10-30
INT00217,CUST0478,Consultancy,7,2,EMP045,2024-04-24
INT00218,CUST0320,Support,7,5,EMP049,2024-04-27
INT00219,CUST0338,Consultancy,11,4,EMP027,2024-01-09
INT00220,CUST0366,Consultancy,13,4,EMP039,2024-03-31
INT00221,CUST0495,Support,6,5,EMP040,2024-10-26
INT00222,CUST0095,Maintenance,4,5,EMP013,2024-08-08
INT00223,CUST0166,Support,11,5,EMP023,2024-07-21
INT00224,CUST0032,Consultancy,9,3,EMP016,2024-02-03
INT00225,CUST0011,Consultancy,6,4,EMP030,2024-09-24
INT00226,CUST0301,Support,4,4,EMP004,2024-12-04
INT00227,CUST0217,Maintenance,12,3,EMP040,2024-08-16
INT00228,CUST0289,Maintenance,3,5,EMP016,2024-09-30
INT00229,CUST0102,Consultancy,4,2,EMP031,2024-05-22
INT00230,CUST0425,Consultancy,3,5,EMP042,2024-06-05
INT00231,CUST0392,Maintenance,2,5,EMP025,2024-09-24
INT00232,CUST0267,Support,14,3,EMP044,2024-01-31
INT00233,CUST0214,Consultancy,5,4,EMP012,2024-09-03
INT00234,CUST0179,Maintenance,2,5,EMP026,2024-07-26
INT00235,CUST0088,Consultancy,6,4,EMP037,2024-04-07
INT00236,CUST0041,Support,3,1,EMP048,2024-11-09
INT00237,CUST0401,Maintenance,6,4,EMP033,2024-11-28
INT00238,CUST0076,Consultancy,11,2,EMP028,2024-11-27
INT00239,CUST0377,Support,10,2,EMP009,2023-12-15
INT00240,CUST0046,Consultancy,9,5,EMP012,2024-03-04
INT00241,CUST0160,Support,1,4,EMP005,2024-01-08
INT00242,CUST0463,Support,6,5,EMP028,2024-08-19
INT00243,CUST0080,Maintenance,9,3,EMP035,2024-12-02
INT00244,CUST0310,Support,11,2,EMP005,2024-11-10
INT00245,CUST0086,Consultancy,4,5,EMP034,2024-05-11
INT00246,CUST0092,Support,11,3,EMP046,2024-11-28
INT00247,CUST0148,Support,12,5,EMP034,2024-09-05
INT00248,CUST0161,Maintenance,2,4,EMP013,2024-03-31
INT00249,CUST0202,Support,13,4,EMP039,2024-05-21
INT00250,CUST0424,Support,4,4,EMP042,2024-10-01
INT00251,CUST0416,Consultancy,1,4,EMP045,2024-08-05
INT00252,CUST0242,Maintenance,3,1,EMP048,2024-01-24
INT00253,CUST0353,Maintenance,10,3,EMP014,2024-09-17
INT00254,CUST0002,Maintenance,9,3,EMP011,2024-02-25
INT00255,CUST0225,Support,10,4,EMP042,2024-01-11
INT00256,CUST0289,Maintenance,5,1,EMP038,2024-11-07
INT00257,CUST0233,Support,11,4,EMP004,2024-06-13
INT00258,CUST0461,Support,6,1,EMP033,2024-08-03
INT00259,CUST0414,Consultancy,3,4,EMP007,2024-03-19
INT00260,CUST0417,Consultancy,5,2,EMP041,2024-04-10
INT00261,CUST0077,Consultancy,11,2,EMP008,2024-08-28
INT00262,CUST0116,Consultancy,8,5,EMP037,2024-06-25
INT00263,CUST0154,Consultancy,6,4,EMP010,2024-02-21
INT00264,CUST0406,Support,4,3,EMP043,2023-12-31
INT00265,CUST0103,Support,2,5,EMP015,2023-12-12
INT00266,CUST0194,Maintenance,14,2,EMP038,2024-05-22
INT00267,CUST0166,Support,9,4,EMP015,2024-08-09
INT00268,CUST0359,Support,13,5,EMP005,2024-04-11
INT00269,CUST0090,Consultancy,12,4,EMP029,2024-01-31
INT00270,CUST0174,Support,1,2,EMP019,2024-05-29
INT00271,CUST0122,Consultancy,1,5,EMP010,2024-09-10
INT00272,CUST0498,Maintenance,13,2,EMP012,2024-07-19
INT00273,CUST0143,Maintenance,4,1,EMP004,2024-03-21
INT00274,CUST0482,Support,7,2,EMP031,2024-01-15
INT00275,CUST0106,Maintenance,1,4,EMP018,2024-08-13
INT00276,CUST0375,Support,9,3,EMP016,2024-06-14
INT00277,CUST0428,Maintenance,4,2,EMP040,2024-06-30
INT00278,CUST0305,Consultancy,3,3,EMP036,2024-04-04
INT00279,CUST0360,Consultancy,1,1,EMP025,2024-04-06
INT00280,CUST0459,Consultancy,10,5,EMP023,2024-10-28
INT00281,CUST0317,Consultancy,4,5,EMP012,2024-05-25
INT00282,CUST0451,Support,9,3,EMP034,2024-12-02
INT00283,CUST0123,Maintenance,13,5,EMP036,2024-07-04
INT00284,CUST0390,Support,14,2,EMP037,2024-01-15
INT00285,CUST0009,Consultancy,10,3,EMP003,2024-02-13
INT00286,CUST0262,Support,6,4,EMP009,2024-08-29
INT00287,CUST0073,Maintenance,6,2,EMP018,2024-10-14
INT00288,CUST0359,Support,1,2,EMP043,2024-09-02
INT00289,CUST0223,Maintenance,10,2,EMP035,2024-05-12
INT00290,CUST0416,Support,2,4,EMP034,2024-09-01
INT00291,CUST0041,Maintenance,11,1,EMP041,2024-08-09
INT00292,CUST0370,Maintenance,6,5,EMP014,2024-03-21
INT00293,CUST0204,Consultancy,2,3,EMP004,2024-05-09
INT00294,CUST0264,Maintenance,3,1,EMP029,2024-07-29
INT00295,CUST0328,Consultancy,4,3,EMP041,2024-07-11
INT00296,CUST0178,Consultancy,11,5,EMP045,2024-10-08
INT00297,CUST0348,Consultancy,5,4,EMP050,2024-02-18
INT00298,CUST0318,Support,9,2,EMP015,2024-11-25
INT00299,CUST0084,Support,12,2,EMP028,2024-06-20
INT00300,CUST0318,Support,4,4,EMP042,2024-04-20
INT00301,CUST0111,Support,13,1,EMP016,2024-09-11
INT00302,CUST0251,Maintenance,11,1,EMP012,2024-10-11
INT00303,CUST0383,Maintenance,9,3,EMP005,2024-02-28
INT00304,CUST0007,Support,11,4,EMP034,2024-11-14
INT00305,CUST0459,Maintenance,10,1,EMP042,2024-05-30
INT00306,CUST0084,Maintenance,3,4,EMP001,2024-09-21
INT00307,CUST0208,Consultancy,8,5,EMP039,2024-01-03
INT00308,CUST0388,Consultancy,12,2,EMP032,2024-03-20
INT00309,CUST0390,Consultancy,1,2,EMP026,2024-08-02
INT00310,CUST0314,Consultancy,11,2,EMP017,2024-04-24
INT00311,CUST0022,Maintenance,9,4,EMP048,2023-12-27
INT00312,CUST0410,Support,9,4,EMP027,2024-11-09
INT00313,CUST0383,Maintenance,10,3,EMP024,2024-08-16
INT00314,CUST0003,Maintenance,2,2,EMP035,2024-04-16
INT00315,CUST0127,Maintenance,4,3,EMP046,2024-04-28
INT00316,CUST0297,Consultancy,13,2,EMP042,2024-09-03
INT00317,CUST0188,Consultancy,8,3,EMP039,2024-10-22
INT00318,CUST0362,Consultancy,7,3,EMP026,2024-08-14
INT00319,CUST0014,Support,1,5,EMP049,2024-02-10
INT00320,CUST0459,Maintenance,5,3,EMP038,2024-01-14
INT00321,CUST0466,Support,7,4,EMP023,2024-07-20
INT00322,CUST0012,Consultancy,4,3,EMP022,2024-01-29
INT00323,CUST0087,Support,1,2,EMP004,2024-04-11
INT00324,CUST0012,Maintenance,9,3,EMP049,2024-03-22
INT00325,CUST0397,Maintenance,14,1,EMP009,2024-11-28
INT00326,CUST0025,Consultancy,5,2,EMP004,2024-06-04
INT00327,CUST0301,Consultancy,11,1,EMP007,2024-01-07
INT00328,CUST0243,Support,2,2,EMP023,2024-09-04
INT00329,CUST0122,Consultancy,8,4,EMP002,2024-03-20
INT00330,CUST0147,Consultancy,11,4,EMP049,2023-12-24
INT00331,CUST0055,Maintenance,13,4,EMP024,2024-10-15
INT00332,CUST0238,Consultancy,2,1,EMP040,2024-04-10
INT00333,CUST0356,Consultancy,3,5,EMP031,2024-07-01
INT00334,CUST0173,Maintenance,14,2,EMP047,2024-09-15
INT00335,CUST0392,Maintenance,10,4,EMP031,2024-02-14
INT00336,CUST0221,Support,1,2,EMP047,2024-06-22
INT00337,CUST0119,Consultancy,11,1,EMP040,2024-07-21
INT00338,CUST0309,Maintenance,2,5,EMP048,2024-02-24
INT00339,CUST0183,Support,14,1,EMP043,2024-10-06
INT00340,CUST0288,Support,7,2,EMP034,2024-04-25
INT00341,CUST0307,Consultancy,10,5,EMP024,2024-01-05
INT00342,CUST0300,Consultancy,2,5,EMP049,2024-02-13
INT00343,CUST0082,Support,6,1,EMP026,2024-06-11
INT00344,CUST0454,Maintenance,3,4,EMP016,2024-09-07
INT00345,CUST0402,Support,4,2,EMP047,2024-08-27
INT00346,CUST0211,Consultancy,11,3,EMP013,2024-10-22
INT00347,CUST0150,Maintenance,13,3,EMP015,2024-11-08
INT00348,CUST0037,Maintenance,8,1,EMP027,2024-04-29
INT00349,CUST0352,Support,14,2,EMP004,2024-06-29
INT00350,CUST0312,Consultancy,3,2,EMP016,2024-02-15
INT00351,CUST0361,Support,10,1,EMP030,2024-04-11
INT00352,CUST0059,Support,6,2,EMP044,2024-08-04
INT00353,CUST0131,Support,1,4,EMP030,2024-05-16
INT00354,CUST0412,Maintenance,7,1,EMP036,2024-06-27
INT00355,CUST0202,Maintenance,8,4,EMP003,2024-08-20
INT00356,CUST0243,Consultancy,11,2,EMP022,2024-04-07
INT00357,CUST0035,Consultancy,14,1,EMP049,2024-11-11
INT00358,CUST0445,Support,8,2,EMP022,2024-05-12
INT00359,CUST0093,Support,3,1,EMP050,2024-09-27
INT00360,CUST0438,Support,14,2,EMP050,2024-06-13
INT00361,CUST0447,Consultancy,10,4,EMP049,2024-02-16
INT00362,CUST0207,Maintenance,1,4,EMP012,2024-04-12
INT00363,CUST0353,Maintenance,9,2,EMP021,2024-03-27
INT00364,CUST0391,Support,13,1,EMP004,2024-09-04
INT00365,CUST0332,Support,6,3,EMP031,2024-09-19
INT00366,CUST0305,Support,11,4,EMP044,2023-12-31
INT00367,CUST0350,Support,9,4,EMP031,2024-11-21
INT00368,CUST0213,Consultancy,7,3,EMP023,2024-05-22
INT00369,CUST0159,Maintenance,1,2,EMP020,2024-09-28
INT00370,CUST0442,Support,12,1,EMP015,2024-03-14
INT00371,CUST0445,Consultancy,12,2,EMP023,2024-02-09
INT00372,CUST0024,Support,1,5,EMP028,2024-05-01
INT00373,CUST0404,Support,6,4,EMP016,2024-03-21
INT00374,CUST0293,Maintenance,5,5,EMP037,2024-05-21
INT00375,CUST0004,Support,9,4,EMP021,2024-04-22
INT00376,CUST0220,Maintenance,2,4,EMP015,2024-03-03
INT00377,CUST0364,Maintenance,8,5,EMP017,2024-12-03
INT00378,CUST0382,Maintenance,11,5,EMP050,2024-07-08
INT00379,CUST0020,Consultancy,5,2,EMP037,2024-11-29
INT00380,CUST0444,Consultancy,2,5,EMP013,2024-02-21
INT00381,CUST0152,Maintenance,13,2,EMP019,2024-04-29
INT00382,CUST0050,Support,10,2,EMP030,2024-10-01
INT00383,CUST0177,Maintenance,11,2,EMP045,2024-02-20
INT00384,CUST0435,Support,11,4,EMP018,2024-05-16
INT00385,CUST0096,Maintenance,12,4,EMP014,2024-08-16
INT00386,CUST0105,Support,6,5,EMP036,2023-12-18
INT00387,CUST0420,Consultancy,10,4,EMP036,2024-02-21
INT00388,CUST0250,Support,8,5,EMP020,2024-05-02
INT00389,CUST0117,Maintenance,4,4,EMP019,2024-03-12
INT00390,CUST0354,Consultancy,2,1,EMP045,2024-02-22
INT00391,CUST0228,Support,12,1,EMP044,2024-07-11
INT00392,CUST0066,Support,11,5,EMP007,2024-05-18
INT00393,CUST0335,Support,5,4,EMP044,2024-03-20
INT00394,CUST0418,Support,12,4,EMP004,2024-08-01
INT00395,CUST0420,Support,2,2,EMP034,2024-05-20
INT00396,CUST0262,Consultancy,2,3,EMP002,2024-01-08
INT00397,CUST0295,Consultancy,6,5,EMP005,2024-02-29
INT00398,CUST0426,Consultancy,11,3,EMP010,2024-03-24
INT00399,CUST0243,Consultancy,10,3,EMP032,2024-09-04
INT00400,CUST0371,Maintenance,9,5,EMP042,2024-10-07
INT00401,CUST0186,Consultancy,13,4,EMP041,2024-04-08
INT00402,CUST0246,Support,4,5,EMP013,2024-09-05
INT00403,CUST0125,Support,6,3,EMP039,2024-08-04
INT00404,CUST0268,Consultancy,7,4,EMP005,2024-03-14
INT00405,CUST0131,Support,13,1,EMP010,2024-03-07
INT00406,CUST0237,Consultancy,11,5,EMP010,2024-04-13
INT00407,CUST0018,Support,6,5,EMP038,2024-10-10
INT00408,CUST0040,Maintenance,8,4,EMP027,2024-08-22
INT00409,CUST0021,Maintenance,4,1,EMP021,2024-05-13
INT00410,CUST0399,Consultancy,12,1,EMP008,2024-03-11
INT00411,CUST0225,Consultancy,1,4,EMP001,2024-10-04
INT00412,CUST0355,Consultancy,7,2,EMP028,2024-10-16
INT00413,CUST0282,Support,3,5,EMP049,2024-09-19
INT00414,CUST0008,Consultancy,14,5,EMP039,2024-01-12
INT00415,CUST0100,Maintenance,6,3,EMP014,2024-04-13
INT00416,CUST0240,Support,2,4,EMP021,2024-03-02
INT00417,CUST0478,Consultancy,9,3,EMP030,2024-05-18
INT00418,CUST0087,Support,1,3,EMP021,2024-11-12
INT00419,CUST0298,Support,6,1,EMP049,2024-09-20
INT00420,CUST0428,Consultancy,6,5,EMP009,2024-05-01
INT00421,CUST0014,Support,5,3,EMP017,2024-01-19
INT00422,CUST0334,Maintenance,13,1,EMP005,2024-08-26
INT00423,CUST0002,Maintenance,5,4,EMP031,2024-02-07
INT00424,CUST0375,Support,1,3,EMP040,2024-02-10
INT00425,CUST0293,Consultancy,10,5,EMP038,2024-05-29
INT00426,CUST0325,Support,12,3,EMP043,2024-08-22
INT00427,CUST0422,Maintenance,5,4,EMP019,2024-01-23
INT00428,CUST0493,Support,2,3,EMP036,2024-05-01
INT00429,CUST0041,Support,7,5,EMP050,2024-07-15
INT00430,CUST0318,Maintenance,3,1,EMP033,2023-12-15
INT00431,CUST0316,Support,13,5,EMP013,2023-12-23
INT00432,CUST0381,Support,4,1,EMP014,2024-12-02
INT00433,CUST0111,Consultancy,3,2,EMP033,2024-09-03
INT00434,CUST0014,Consultancy,3,5,EMP029,2024-02-27
INT00435,CUST0231,Maintenance,4,5,EMP043,2024-10-13
INT00436,CUST0473,Maintenance,5,4,EMP049,2024-07-18
INT00437,CUST0084,Maintenance,1,3,EMP036,2024-08-31
INT00438,CUST0130,Consultancy,4,1,EMP044,2024-10-30
INT00439,CUST0231,Maintenance,12,1,EMP010,2024-06-06
INT00440,CUST0326,Maintenance,12,4,EMP031,2024-11-09
INT00441,CUST0145,Maintenance,11,4,EMP006,2024-04-06
INT00442,CUST0379,Consultancy,8,3,EMP001,2024-01-17
INT00443,CUST0345,Support,10,3,EMP007,2024-06-08
INT00444,CUST0028,Maintenance,7,5,EMP027,2024-05-07
INT00445,CUST0066,Support,9,2,EMP021,2024-11-08
INT00446,CUST0163,Maintenance,5,3,EMP028,2024-05-16
INT00447,CUST0229,Support,13,4,EMP016,2024-08-11
INT00448,CUST0261,Consultancy,10,3,EMP046,2024-05-15
INT00449,CUST0449,Consultancy,4,1,EMP023,2024-02-12
INT00450,CUST0424,Maintenance,8,2,EMP020,2024-04-13
INT00451,CUST0460,Support,9,5,EMP038,2024-09-08
INT00452,CUST0440,Consultancy,13,1,EMP025,2024-11-25
INT00453,CUST0164,Maintenance,7,1,EMP028,2024-06-17
INT00454,CUST0301,Maintenance,14,2,EMP005,2024-08-13
INT00455,CUST0407,Consultancy,7,5,EMP021,2024-01-27
INT00456,CUST0303,Consultancy,5,4,EMP018,2024-06-15
INT00457,CUST0287,Maintenance,4,5,EMP047,2024-11-22
INT00458,CUST0395,Support,14,3,EMP006,2024-07-31
INT00459,CUST0010,Support,10,1,EMP029,2024-02-27
INT00460,CUST0195,Support,1,3,EMP019,2024-09-26
INT00461,CUST0118,Maintenance,10,4,EMP033,2024-04-12
INT00462,CUST0270,Consultancy,10,3,EMP001,2024-04-07
INT00463,CUST0080,Maintenance,7,5,EMP045,2024-11-14
INT00464,CUST0458,Consultancy,1,3,EMP003,2024-04-21
INT00465,CUST0093,Support,1,4,EMP042,2023-12-20
INT00466,CUST0266,Support,5,4,EMP021,2024-11-26
INT00467,CUST0332,Consultancy,13,4,EMP035,2024-10-25
INT00468,CUST0350,Consultancy,9,5,EMP041,2024-03-31
INT00469,CUST0361,Maintenance,6,4,EMP040,2024-11-29
INT00470,CUST0257,Support,3,1,EMP003,2024-11-07
INT00471,CUST0133,Maintenance,13,4,EMP025,2023-12-30
INT00472,CUST0276,Maintenance,3,3,EMP045,2024-05-23
INT00473,CUST0264,Maintenance,7,3,EMP038,2024-01-28
INT00474,CUST0171,Support,6,3,EMP045,2024-10-18
INT00475,CUST0460,Maintenance,9,5,EMP020,2024-06-19
INT00476,CUST0001,Maintenance,6,3,EMP044,2024-06-24
INT00477,CUST0313,Maintenance,5,5,EMP045,2024-10-01
INT00478,CUST0064,Maintenance,10,5,EMP034,2024-01-30
INT00479,CUST0374,Maintenance,7,4,EMP021,2024-08-21
INT00480,CUST0468,Maintenance,1,1,EMP048,2024-12-05
INT00481,CUST0284,Support,12,4,EMP023,2024-05-12
INT00482,CUST0121,Maintenance,7,4,EMP006,2024-06-10
INT00483,CUST0107,Consultancy,3,5,EMP013,2024-09-08
INT00484,CUST0421,Maintenance,14,5,EMP049,2024-05-01
INT00485,CUST0175,Maintenance,9,3,EMP023,2024-07-29
INT00486,CUST0485,Support,6,3,EMP009,2024-05-21
INT00487,CUST0204,Support,9,4,EMP017,2024-05-26
INT00488,CUST0165,Consultancy,13,2,EMP002,2023-12-10
INT00489,CUST0305,Consultancy,5,2,EMP019,2024-06-18
INT00490,CUST0497,Support,7,3,EMP019,2024-01-18
INT00491,CUST0120,Support,13,2,EMP007,2024-08-02
INT00492,CUST0044,Maintenance,14,3,EMP042,2024-04-22
INT00493,CUST0312,Support,4,5,EMP042,2024-10-07
INT00494,CUST0156,Consultancy,7,4,EMP020,2024-11-06
INT00495,CUST0367,Maintenance,13,1,EMP009,2024-02-16
INT00496,CUST0207,Consultancy,1,4,EMP017,2024-07-23
INT00497,CUST0390,Maintenance,7,3,EMP027,2023-12-19
INT00498,CUST0108,Support,8,3,EMP047,2024-04-02
INT00499,CUST0251,Consultancy,5,4,EMP002,2024-11-14
INT00500,CUST0445,Maintenance,2,3,EMP036,2024-01-23
INT00501,CUST0404,Maintenance,5,2,EMP019,2024-11-02
INT00502,CUST0370,Support,6,2,EMP017,2024-10-21
INT00503,CUST0334,Support,12,3,EMP005,2024-09-25
INT00504,CUST0130,Support,2,3,EMP039,2024-05-16
INT00505,CUST0457,Consultancy,14,2,EMP018,2024-01-20
INT00506,CUST0293,Maintenance,6,3,EMP007,2024-10-17
INT00507,CUST0020,Support,6,3,EMP017,2024-03-31
INT00508,CUST0282,Consultancy,1,4,EMP039,2024-09-13
INT00509,CUST0285,Consultancy,14,1,EMP036,2024-06-18
INT00510,CUST0001,Consultancy,1,2,EMP040,2024-10-09
INT00511,CUST0119,Support,14,4,EMP045,2024-03-17
INT00512,CUST0035,Support,11,1,EMP004,2024-09-13
INT00513,CUST0198,Maintenance,10,3,EMP038,2024-10-07
INT00514,CUST0485,Maintenance,3,3,EMP025,2024-07-13
INT00515,CUST0245,Support,14,4,EMP005,2024-09-11
INT00516,CUST0059,Consultancy,10,3,EMP030,2024-08-15
INT00517,CUST0325,Consultancy,10,5,EMP012,2024-08-23
INT00518,CUST0161,Consultancy,12,4,EMP004,2024-10-11
INT00519,CUST0497,Maintenance,3,1,EMP024,2024-11-19
INT00520,CUST0179,Consultancy,4,4,EMP029,2023-12-09
INT00521,CUST0206,Maintenance,2,2,EMP009,2024-02-23
INT00522,CUST0012,Maintenance,9,4,EMP004,2024-09-28
INT00523,CUST0490,Consultancy,10,3,EMP024,2024-09-02
INT00524,CUST0276,Consultancy,12,3,EMP014,2023-12-17
INT00525,CUST0181,Support,11,5,EMP005,2023-12-08
INT00526,CUST0242,Support,14,5,EMP018,2024-08-02
INT00527,CUST0216,Consultancy,7,5,EMP042,2024-07-29
INT00528,CUST0251,Maintenance,7,1,EMP019,2024-07-13
INT00529,CUST0299,Maintenance,6,5,EMP012,2024-08-21
INT00530,CUST0126,Maintenance,3,1,EMP018,2024-10-23
INT00531,CUST0482,Maintenance,6,5,EMP017,2024-10-16
INT00532,CUST0217,Maintenance,14,1,EMP030,2023-12-10
INT00533,CUST0306,Support,12,4,EMP024,2024-10-11
INT00534,CUST0285,Consultancy,8,4,EMP011,2024-08-10
INT00535,CUST0185,Support,8,3,EMP035,2024-08-16
INT00536,CUST0039,Maintenance,11,1,EMP023,2024-04-29
INT00537,CUST0223,Maintenance,13,2,EMP017,2024-03-24
INT00538,CUST0184,Maintenance,9,3,EMP001,2024-05-19
INT00539,CUST0495,Maintenance,1,4,EMP015,2024-11-29
INT00540,CUST0427,Consultancy,14,1,EMP032,2024-05-28
INT00541,CUST0178,Maintenance,1,5,EMP009,2024-10-02
INT00542,CUST0407,Consultancy,3,2,EMP015,2024-08-05
INT00543,CUST0428,Maintenance,3,4,EMP028,2024-01-23
INT00544,CUST0294,Consultancy,10,3,EMP024,2024-07-22
INT00545,CUST0340,Support,8,1,EMP035,2024-03-21
INT00546,CUST0151,Maintenance,10,2,EMP022,2024-05-21
INT00547,CUST0384,Consultancy,1,1,EMP027,2024-09-20
INT00548,CUST0126,Support,13,5,EMP019,2024-09-17
INT00549,CUST0301,Maintenance,2,3,EMP045,2024-03-14
INT00550,CUST0308,Maintenance,2,1,EMP012,2024-05-20
INT00551,CUST0336,Maintenance,3,4,EMP020,2024-06-14
INT00552,CUST0434,Consultancy,13,3,EMP001,2024-03-31
INT00553,CUST0234,Consultancy,6,4,EMP021,2024-08-19
INT00554,CUST0380,Support,1,1,EMP049,2024-06-05
INT00555,CUST0375,Consultancy,2,3,EMP045,2024-04-09
INT00556,CUST0008,Consultancy,13,4,EMP001,2024-03-01
INT00557,CUST0498,Maintenance,13,5,EMP010,2024-04-11
INT00558,CUST0341,Maintenance,1,5,EMP047,2024-07-23
INT00559,CUST0129,Maintenance,5,1,EMP032,2024-04-30
INT00560,CUST0264,Maintenance,13,3,EMP039,2024-04-18
INT00561,CUST0157,Maintenance,13,2,EMP022,2024-03-23
INT00562,CUST0352,Maintenance,7,3,EMP018,2024-05-29
INT00563,CUST0358,Maintenance,8,5,EMP048,2024-11-21
INT00564,CUST0005,Support,10,4,EMP046,2024-02-27
INT00565,CUST0495,Support,1,2,EMP032,2024-03-27
INT00566,CUST0086,Support,7,1,EMP027,2023-12-28
INT00567,CUST0175,Support,13,2,EMP028,2024-08-06
INT00568,CUST0290,Maintenance,5,1,EMP018,2024-03-15
INT00569,CUST0193,Support,10,2,EMP039,2024-04-14
INT00570,CUST0311,Maintenance,1,1,EMP049,2024-04-27
INT00571,CUST0119,Support,3,1,EMP029,2024-09-13
INT00572,CUST0218,Consultancy,7,2,EMP018,2024-01-15
INT00573,CUST0427,Support,10,2,EMP044,2023-12-20
INT00574,CUST0458,Support,1,1,EMP008,2024-09-26
INT00575,CUST0414,Maintenance,7,5,EMP031,2024-08-21
INT00576,CUST0114,Support,5,2,EMP034,2024-01-10
INT00577,CUST0466,Consultancy,1,3,EMP007,2024-08-09
INT00578,CUST0145,Maintenance,1,4,EMP036,2024-10-24
INT00579,CUST0026,Maintenance,14,1,EMP018,2023-12-17
INT00580,CUST0136,Support,1,1,EMP038,2024-08-09
INT00581,CUST0303,Maintenance,11,4,EMP009,2024-12-04
INT00582,CUST0232,Maintenance,9,5,EMP009,2024-05-04
INT00583,CUST0369,Maintenance,11,4,EMP046,2024-06-22
INT00584,CUST0076,Maintenance,13,2,EMP008,2024-02-08
INT00585,CUST0475,Maintenance,3,4,EMP035,2024-09-19
INT00586,CUST0328,Maintenance,13,1,EMP018,2024-01-28
INT00587,CUST0345,Consultancy,5,4,EMP005,2024-06-22
INT00588,CUST0302,Support,11,3,EMP014,2024-07-14
INT00589,CUST0452,Consultancy,10,2,EMP028,2024-09-04
INT00590,CUST0289,Maintenance,12,4,EMP030,2024-01-30
INT00591,CUST0001,Maintenance,9,1,EMP004,2024-07-01
INT00592,CUST0147,Support,6,2,EMP039,2024-06-20
INT00593,CUST0287,Consultancy,12,1,EMP020,2024-03-11
INT00594,CUST0464,Support,9,5,EMP025,2023-12-19
INT00595,CUST0142,Consultancy,8,3,EMP028,2024-06-24
INT00596,CUST0053,Maintenance,8,5,EMP012,2024-02-24
INT00597,CUST0304,Support,1,3,EMP002,2024-07-30
INT00598,CUST0069,Support,13,4,EMP043,2024-09-30
INT00599,CUST0361,Maintenance,9,2,EMP014,2024-09-24
INT00600,CUST0090,Support,6,4,EMP022,2024-05-19
INT00601,CUST0446,Consultancy,9,3,EMP031,2024-08-11
INT00602,CUST0220,Consultancy,3,3,EMP023,2024-08-10
INT00603,CUST0450,Consultancy,12,3,EMP048,2024-03-30
INT00604,CUST0498,Consultancy,3,1,EMP020,2023-12-30
INT00605,CUST0192,Maintenance,6,2,EMP038,2024-01-29
INT00606,CUST0454,Support,9,4,EMP004,2024-09-27
INT00607,CUST0063,Consultancy,7,4,EMP015,2024-05-28
INT00608,CUST0073,Maintenance,14,5,EMP024,2024-11-17
INT00609,CUST0161,Support,13,3,EMP025,2024-06-16
INT00610,CUST0169,Support,3,3,EMP001,2024-07-23
INT00611,CUST0089,Maintenance,3,3,EMP007,2024-01-10
INT00612,CUST0176,Maintenance,2,4,EMP031,2024-08-29
INT00613,CUST0269,Consultancy,9,5,EMP012,2024-04-09
INT00614,CUST0073,Support,13,1,EMP042,2024-06-26
INT00615,CUST0245,Support,3,2,EMP005,2024-09-15
INT00616,CUST0077,Maintenance,11,1,EMP044,2024-07-29
INT00617,CUST0159,Support,5,4,EMP050,2024-07-08
INT00618,CUST0489,Consultancy,14,3,EMP042,2024-03-24
INT00619,CUST0459,Support,14,2,EMP038,2024-07-10
INT00620,CUST0324,Maintenance,9,4,EMP012,2024-01-24
INT00621,CUST0098,Maintenance,8,4,EMP039,2024-11-04
INT00622,CUST0381,Consultancy,2,4,EMP018,2024-01-10
INT00623,CUST0102,Consultancy,3,2,EMP002,2024-08-20
INT00624,CUST0494,Support,2,2,EMP010,2024-08-18
INT00625,CUST0132,Support,8,5,EMP015,2024-09-02
INT00626,CUST0102,Maintenance,6,5,EMP030,2024-06-24
INT00627,CUST0019,Consultancy,6,1,EMP044,2024-02-18
INT00628,CUST0454,Consultancy,12,2,EMP017,2024-05-31
INT00629,CUST0482,Consultancy,9,2,EMP004,2024-09-09
INT00630,CUST0082,Support,8,2,EMP007,2024-06-22
INT00631,CUST0397,Consultancy,4,5,EMP041,2024-10-18
INT00632,CUST0489,Maintenance,12,4,EMP031,2024-05-02
INT00633,CUST0279,Maintenance,4,3,EMP039,2024-09-04
INT00634,CUST0339,Support,9,5,EMP034,2024-03-23
INT00635,CUST0365,Support,1,2,EMP006,2024-09-09
INT00636,CUST0331,Consultancy,13,5,EMP050,2024-06-05
INT00637,CUST0129,Support,2,1,EMP038,2024-04-17
INT00638,CUST0344,Maintenance,2,2,EMP045,2024-11-14
INT00639,CUST0310,Consultancy,13,1,EMP034,2023-12-11
INT00640,CUST0455,Maintenance,13,2,EMP044,2024-09-14
INT00641,CUST0089,Consultancy,6,5,EMP015,2024-12-07
INT00642,CUST0213,Support,4,4,EMP014,2024-03-12
INT00643,CUST0143,Consultancy,13,3,EMP006,2024-01-01
INT00644,CUST0065,Consultancy,11,1,EMP050,2024-11-09
INT00645,CUST0076,Maintenance,10,5,EMP037,2024-01-01
INT00646,CUST0199,Maintenance,13,4,EMP050,2024-08-24
INT00647,CUST0143,Consultancy,3,5,EMP032,2024-06-14
INT00648,CUST0405,Support,3,1,EMP003,2024-08-10
INT00649,CUST0403,Support,3,3,EMP003,2024-04-05
INT00650,CUST0316,Maintenance,6,5,EMP022,2024-08-17
INT00651,CUST0093,Support,14,2,EMP022,2024-01-01
INT00652,CUST0473,Maintenance,8,4,EMP010,2024-09-11
INT00653,CUST0417,Support,11,5,EMP003,2024-05-23
INT00654,CUST0305,Consultancy,7,4,EMP012,2024-08-27
INT00655,CUST0224,Maintenance,14,2,EMP029,2024-07-09
INT00656,CUST0497,Maintenance,4,3,EMP048,2024-01-19
INT00657,CUST0291,Consultancy,11,3,EMP017,2024-06-10
INT00658,CUST0428,Maintenance,12,2,EMP007,2024-03-31
INT00659,CUST0102,Support,4,4,EMP013,2024-05-06
INT00660,CUST0474,Support,11,5,EMP002,2024-01-31
INT00661,CUST0267,Maintenance,10,2,EMP004,2024-08-18
INT00662,CUST0355,Support,11,1,EMP010,2024-05-21
INT00663,CUST0456,Maintenance,11,4,EMP039,2024-08-15
INT00664,CUST0110,Consultancy,14,3,EMP024,2023-12-28
INT00665,CUST0462,Maintenance,11,2,EMP017,2024-03-12
INT00666,CUST0330,Consultancy,2,3,EMP006,2024-08-27
INT00667,CUST0450,Support,14,4,EMP019,2024-04-09
INT00668,CUST0430,Consultancy,1,3,EMP005,2024-03-23
INT00669,CUST0265,Support,9,2,EMP032,2024-11-26
INT00670,CUST0003,Maintenance,12,4,EMP010,2024-07-20
INT00671,CUST0085,Support,12,1,EMP009,2024-05-31
INT00672,CUST0282,Maintenance,2,2,EMP027,2023-12-08
INT00673,CUST0328,Maintenance,13,5,EMP013,2023-12-21
INT00674,CUST0304,Consultancy,8,2,EMP019,2024-02-02
INT00675,CUST0450,Consultancy,9,4,EMP021,2024-05-31
INT00676,CUST0454,Consultancy,4,2,EMP024,2024-12-01
INT00677,CUST0412,Consultancy,8,1,EMP038,2024-08-02
INT00678,CUST0117,Support,9,1,EMP004,2024-09-18
INT00679,CUST0221,Support,10,5,EMP024,2024-08-29
INT00680,CUST0154,Support,10,3,EMP035,2023-12-08
INT00681,CUST0153,Maintenance,5,4,EMP003,2024-12-03
INT00682,CUST0012,Support,13,4,EMP004,2024-10-15
INT00683,CUST0133,Support,14,3,EMP037,2024-11-07
INT00684,CUST0482,Support,7,1,EMP040,2024-07-16
INT00685,CUST0304,Consultancy,10,1,EMP048,2024-05-12
INT00686,CUST0293,Support,4,2,EMP035,2024-10-20
INT00687,CUST0463,Maintenance,1,5,EMP031,2024-11-10
INT00688,CUST0300,Consultancy,3,5,EMP044,2024-07-22
INT00689,CUST0228,Maintenance,5,5,EMP025,2023-12-12
INT00690,CUST0271,Support,3,2,EMP040,2024-02-17
INT00691,CUST0043,Consultancy,12,5,EMP013,2024-01-07
INT00692,CUST0432,Maintenance,13,3,EMP004,2024-04-10
INT00693,CUST0343,Support,11,2,EMP046,2024-11-28
INT00694,CUST0326,Maintenance,7,3,EMP014,2024-10-27
INT00695,CUST0302,Maintenance,12,2,EMP013,2024-04-27
INT00696,CUST0498,Maintenance,9,5,EMP027,2024-03-18
INT00697,CUST0364,Support,12,3,EMP006,2024-01-07
INT00698,CUST0379,Support,6,3,EMP017,2024-09-16
INT00699,CUST0427,Maintenance,13,3,EMP036,2024-01-12
INT00700,CUST0493,Consultancy,10,2,EMP040,2024-05-16
INT00701,CUST0021,Consultancy,1,4,EMP049,2024-05-16
INT00702,CUST0407,Support,7,5,EMP035,2024-08-29
INT00703,CUST0107,Support,3,3,EMP017,2024-02-12
INT00704,CUST0336,Support,5,4,EMP041,2024-03-13
INT00705,CUST0303,Support,10,5,EMP002,2024-11-05
INT00706,CUST0117,Support,4,5,EMP013,2024-06-03
INT00707,CUST0124,Consultancy,10,3,EMP002,2024-10-15
INT00708,CUST0399,Support,5,3,EMP028,2024-03-19
INT00709,CUST0281,Maintenance,5,2,EMP043,2024-06-07
INT00710,CUST0292,Maintenance,6,4,EMP026,2024-05-11
INT00711,CUST0203,Consultancy,14,4,EMP022,2024-06-01
INT00712,CUST0051,Maintenance,10,3,EMP047,2024-04-19
INT00713,CUST0271,Consultancy,12,5,EMP043,2024-05-18
INT00714,CUST0324,Consultancy,10,3,EMP003,2024-08-22
INT00715,CUST0277,Maintenance,13,5,EMP035,2024-04-08
INT00716,CUST0141,Support,13,5,EMP012,2024-11-16
INT00717,CUST0470,Maintenance,11,3,EMP024,2024-10-25
INT00718,CUST0275,Maintenance,6,1,EMP005,2024-02-22
INT00719,CUST0290,Consultancy,8,4,EMP020,2024-10-23
INT00720,CUST0334,Maintenance,8,5,EMP039,2024-11-17
INT00721,CUST0381,Consultancy,11,5,EMP039,2024-11-17
INT00722,CUST0452,Support,9,1,EMP013,2024-10-13
INT00723,CUST0496,Support,8,2,EMP041,2024-07-07
INT00724,CUST0373,Support,13,1,EMP045,2024-08-06
INT00725,CUST0052,Maintenance,11,1,EMP012,2024-03-06
INT00726,CUST0494,Consultancy,2,5,EMP013,2024-01-11
INT00727,CUST0027,Support,14,4,EMP010,2024-05-06
INT00728,CUST0157,Consultancy,14,1,EMP033,2024-09-03
INT00729,CUST0239,Consultancy,12,2,EMP040,2024-12-01
INT00730,CUST0156,Support,10,3,EMP016,2024-05-23
INT00731,CUST0291,Support,12,1,EMP045,2024-05-23
INT00732,CUST0136,Consultancy,11,1,EMP035,2024-11-14
INT00733,CUST0144,Support,1,2,EMP003,2024-11-03
INT00734,CUST0106,Consultancy,10,4,EMP005,2024-01-09
INT00735,CUST0420,Consultancy,2,1,EMP026,2024-11-15
INT00736,CUST0158,Support,2,1,EMP011,2024-08-05
INT00737,CUST0146,Maintenance,12,4,EMP007,2024-01-10
INT00738,CUST0002,Support,3,2,EMP010,2024-05-29
INT00739,CUST0433,Maintenance,10,1,EMP042,2024-01-26
INT00740,CUST0077,Consultancy,7,4,EMP034,2024-02-07
INT00741,CUST0132,Consultancy,2,1,EMP003,2024-01-17
INT00742,CUST0090,Maintenance,14,3,EMP008,2024-09-20
INT00743,CUST0345,Consultancy,1,5,EMP031,2024-06-14
INT00744,CUST0350,Maintenance,14,3,EMP011,2024-05-11
INT00745,CUST0459,Maintenance,6,1,EMP045,2024-01-24
INT00746,CUST0263,Consultancy,9,2,EMP007,2024-01-11
INT00747,CUST0351,Maintenance,3,5,EMP045,2024-01-23
INT00748,CUST0108,Support,6,3,EMP002,2024-01-01
INT00749,CUST0074,Support,3,4,EMP006,2024-02-02
INT00750,CUST0039,Consultancy,14,2,EMP041,2024-08-15
INT00751,CUST0397,Consultancy,13,3,EMP032,2024-05-30
INT00752,CUST0159,Maintenance,1,4,EMP020,2024-10-21
INT00753,CUST0071,Maintenance,14,1,EMP034,2024-02-19
INT00754,CUST0447,Maintenance,13,4,EMP050,2024-04-29
INT00755,CUST0312,Maintenance,12,3,EMP016,2024-02-19
INT00756,CUST0241,Support,5,3,EMP025,2024-06-12
INT00757,CUST0426,Support,10,1,EMP012,2024-02-25
INT00758,CUST0445,Consultancy,14,4,EMP007,2024-04-05
INT00759,CUST0298,Maintenance,13,4,EMP039,2024-03-03
INT00760,CUST0440,Maintenance,11,1,EMP017,2024-05-06
INT00761,CUST0036,Consultancy,4,4,EMP045,2024-07-28
INT00762,CUST0084,Maintenance,7,1,EMP011,2024-10-28
INT00763,CUST0452,Maintenance,6,2,EMP006,2024-04-04
INT00764,CUST0374,Maintenance,10,3,EMP023,2023-12-23
INT00765,CUST0263,Maintenance,7,2,EMP027,2024-05-03
INT00766,CUST0310,Maintenance,5,5,EMP046,2024-05-23
INT00767,CUST0385,Consultancy,4,5,EMP006,2024-07-24
INT00768,CUST0172,Maintenance,7,5,EMP038,2023-12-08
INT00769,CUST0376,Consultancy,7,1,EMP002,2024-09-08
INT00770,CUST0173,Maintenance,6,4,EMP022,2024-01-13
INT00771,CUST0362,Support,8,2,EMP020,2024-05-07
INT00772,CUST0047,Support,4,2,EMP025,2024-06-18
INT00773,CUST0379,Support,10,2,EMP015,2024-04-27
INT00774,CUST0141,Support,5,2,EMP049,2024-01-12
INT00775,CUST0375,Consultancy,4,5,EMP029,2024-05-01
INT00776,CUST0406,Consultancy,12,2,EMP008,2024-03-29
INT00777,CUST0118,Maintenance,1,4,EMP037,2024-06-16
INT00778,CUST0277,Support,12,5,EMP049,2024-08-02
INT00779,CUST0214,Consultancy,8,2,EMP033,2024-06-30
INT00780,CUST0220,Maintenance,1,1,EMP022,2024-07-25
INT00781,CUST0393,Maintenance,5,3,EMP050,2024-09-11
INT00782,CUST0026,Consultancy,6,3,EMP047,2023-12-21
INT00783,CUST0009,Support,6,3,EMP005,2024-03-12
INT00784,CUST0271,Maintenance,13,5,EMP039,2023-12-20
INT00785,CUST0010,Support,5,2,EMP018,2024-07-09
INT00786,CUST0472,Support,3,5,EMP038,2024-08-24
INT00787,CUST0378,Support,5,4,EMP037,2024-05-17
INT00788,CUST0121,Maintenance,12,1,EMP030,2024-03-03
INT00789,CUST0125,Support,8,1,EMP031,2024-07-03
INT00790,CUST0170,Maintenance,14,3,EMP010,2024-05-11
INT00791,CUST0072,Support,2,3,EMP015,2024-09-01
INT00792,CUST0152,Maintenance,6,3,EMP042,2024-02-02
INT00793,CUST0208,Support,9,2,EMP048,2023-12-14
INT00794,CUST0049,Consultancy,8,4,EMP044,2024-10-28
INT00795,CUST0154,Support,14,4,EMP018,2024-04-09
INT00796,CUST0347,Support,11,4,EMP023,2024-07-28
INT00797,CUST0293,Maintenance,8,4,EMP033,2024-07-16
INT00798,CUST0068,Maintenance,8,3,EMP016,2024-11-26
INT00799,CUST0050,Support,13,1,EMP038,2024-09-19
INT00800,CUST0152,Consultancy,7,3,EMP035,2024-04-07
INT00801,CUST0019,Consultancy,8,4,EMP034,2024-04-04
INT00802,CUST0100,Maintenance,13,3,EMP028,2024-01-31
INT00803,CUST0060,Consultancy,6,4,EMP002,2024-06-15
INT00804,CUST0167,Support,2,5,EMP030,2024-03-06
INT00805,CUST0202,Maintenance,2,1,EMP013,2024-10-04
INT00806,CUST0345,Support,8,5,EMP041,2024-07-10
INT00807,CUST0146,Maintenance,11,2,EMP016,2024-02-24
INT00808,CUST0403,Maintenance,1,3,EMP005,2024-04-05
INT00809,CUST0164,Maintenance,6,2,EMP028,2024-07-17
INT00810,CUST0458,Maintenance,13,3,EMP039,2024-07-07
INT00811,CUST0481,Consultancy,6,5,EMP045,2023-12-10
INT00812,CUST0439,Support,11,4,EMP020,2024-05-23
INT00813,CUST0242,Support,4,4,EMP024,2024-02-28
INT00814,CUST0069,Support,12,3,EMP027,2024-06-09
INT00815,CUST0175,Maintenance,11,4,EMP030,2024-09-07
INT00816,CUST0049,Consultancy,13,5,EMP045,2024-10-11
INT00817,CUST0483,Support,11,4,EMP027,2024-11-04
INT00818,CUST0108,Consultancy,13,5,EMP026,2024-03-31
INT00819,CUST0226,Maintenance,10,2,EMP007,2024-04-17
INT00820,CUST0161,Support,3,5,EMP042,2024-09-29
INT00821,CUST0119,Consultancy,13,1,EMP047,2024-09-23
INT00822,CUST0149,Maintenance,11,1,EMP038,2024-10-24
INT00823,CUST0465,Consultancy,3,1,EMP005,2024-11-06
INT00824,CUST0150,Support,13,3,EMP023,2024-07-21
INT00825,CUST0432,Support,13,3,EMP028,2024-09-23
INT00826,CUST0293,Maintenance,1,3,EMP034,2024-01-07
INT00827,CUST0143,Maintenance,3,5,EMP015,2024-11-20
INT00828,CUST0419,Maintenance,4,3,EMP032,2024-11-16
INT00829,CUST0476,Consultancy,11,2,EMP026,2024-09-22
INT00830,CUST0455,Consultancy,11,1,EMP048,2024-10-17
INT00831,CUST0160,Consultancy,5,5,EMP031,2024-07-12
INT00832,CUST0011,Maintenance,3,1,EMP019,2024-06-17
INT00833,CUST0138,Support,6,3,EMP009,2024-03-25
INT00834,CUST0457,Support,11,5,EMP029,2024-03-20
INT00835,CUST0078,Consultancy,14,4,EMP039,2024-02-29
INT00836,CUST0077,Consultancy,12,2,EMP004,2023-12-11
INT00837,CUST0441,Support,5,3,EMP003,2024-10-07
INT00838,CUST0254,Support,3,3,EMP029,2024-12-02
INT00839,CUST0409,Consultancy,6,2,EMP011,2024-04-22
INT00840,CUST0258,Consultancy,6,2,EMP033,2024-02-25
INT00841,CUST0320,Support,14,4,EMP038,2024-11-29
INT00842,CUST0291,Maintenance,8,3,EMP011,2023-12-14
INT00843,CUST0263,Consultancy,2,3,EMP027,2024-01-04
INT00844,CUST0085,Support,1,1,EMP033,2024-09-12
INT00845,CUST0146,Support,4,5,EMP021,2024-11-06
INT00846,CUST0323,Support,7,5,EMP039,2024-01-15
INT00847,CUST0042,Support,11,1,EMP031,2024-02-18
INT00848,CUST0374,Maintenance,10,5,EMP038,2024-04-27
INT00849,CUST0125,Support,3,2,EMP046,2024-03-16
INT00850,CUST0167,Consultancy,3,5,EMP002,2024-09-24
INT00851,CUST0425,Maintenance,5,5,EMP027,2024-03-20
INT00852,CUST0241,Support,5,1,EMP036,2024-10-18
INT00853,CUST0459,Maintenance,13,4,EMP011,2024-02-15
INT00854,CUST0487,Consultancy,10,5,EMP047,2024-08-20
INT00855,CUST0280,Support,3,5,EMP018,2024-07-12
INT00856,CUST0188,Consultancy,9,4,EMP001,2024-02-21
INT00857,CUST0302,Support,4,1,EMP035,2024-03-16
INT00858,CUST0019,Support,13,4,EMP035,2024-08-24
INT00859,CUST0068,Support,13,1,EMP031,2024-11-24
INT00860,CUST0218,Support,3,2,EMP028,2024-12-07
INT00861,CUST0102,Support,11,1,EMP039,2024-07-11
INT00862,CUST0042,Maintenance,2,2,EMP001,2024-08-15
INT00863,CUST0288,Support,10,2,EMP025,2024-02-24
INT00864,CUST0167,Support,13,1,EMP043,2024-08-05
INT00865,CUST0109,Maintenance,11,3,EMP038,2024-09-12
INT00866,CUST0494,Maintenance,9,1,EMP020,2024-06-11
INT00867,CUST0036,Maintenance,4,5,EMP003,2024-04-17
INT00868,CUST0232,Maintenance,3,5,EMP002,2024-06-26
INT00869,CUST0229,Maintenance,7,3,EMP018,2024-05-03
INT00870,CUST0353,Maintenance,8,2,EMP044,2024-07-14
INT00871,CUST0164,Support,11,3,EMP010,2024-01-12
INT00872,CUST0387,Support,14,5,EMP005,2024-01-25
INT00873,CUST0073,Consultancy,2,3,EMP009,2024-02-01
INT00874,CUST0136,Support,7,1,EMP002,2024-10-17
INT00875,CUST0353,Support,12,3,EMP034,2024-09-04
INT00876,CUST0379,Maintenance,5,2,EMP038,2024-09-03
INT00877,CUST0070,Maintenance,11,1,EMP031,2024-07-31
INT00878,CUST0425,Support,5,4,EMP010,2023-12-10
INT00879,CUST0487,Consultancy,3,5,EMP050,2024-01-13
INT00880,CUST0196,Maintenance,5,5,EMP012,2024-07-11
INT00881,CUST0269,Support,12,3,EMP036,2024-09-21
INT00882,CUST0049,Support,2,1,EMP021,2024-02-27
INT00883,CUST0316,Consultancy,4,4,EMP049,2024-03-13
INT00884,CUST0130,Consultancy,6,1,EMP047,2024-08-03
INT00885,CUST0444,Maintenance,1,5,EMP006,2024-04-06
INT00886,CUST0005,Consultancy,10,1,EMP048,2024-08-16
INT00887,CUST0428,Support,4,4,EMP049,2024-06-01
INT00888,CUST0027,Support,6,3,EMP003,2024-03-20
INT00889,CUST0160,Consultancy,9,2,EMP010,2024-01-01
INT00890,CUST0149,Consultancy,14,1,EMP005,2024-09-08
INT00891,CUST0264,Consultancy,11,2,EMP046,2024-08-09
INT00892,CUST0230,Consultancy,11,5,EMP026,2024-01-24
INT00893,CUST0200,Maintenance,13,3,EMP021,2024-05-22
INT00894,CUST0050,Consultancy,2,3,EMP045,2024-03-14
INT00895,CUST0067,Maintenance,11,1,EMP026,2024-01-30
INT00896,CUST0300,Support,7,3,EMP038,2023-12-26
INT00897,CUST0381,Consultancy,6,1,EMP044,2024-05-04
INT00898,CUST0058,Maintenance,2,1,EMP026,2024-11-16
INT00899,CUST0259,Consultancy,8,2,EMP008,2024-01-07
INT00900,CUST0342,Support,7,3,EMP005,2024-05-01
INT00901,CUST0326,Support,11,1,EMP015,2024-05-26
INT00902,CUST0130,Support,5,2,EMP016,2024-07-27
INT00903,CUST0215,Consultancy,12,4,EMP001,2024-07-04
INT00904,CUST0172,Consultancy,5,2,EMP016,2023-12-12
INT00905,CUST0258,Maintenance,7,2,EMP037,2024-06-18
INT00906,CUST0102,Support,9,1,EMP003,2024-05-27
INT00907,CUST0209,Consultancy,11,5,EMP047,2024-10-17
INT00908,CUST0291,Support,9,5,EMP031,2024-09-07
INT00909,CUST0354,Support,9,5,EMP013,2024-11-05
INT00910,CUST0471,Maintenance,6,2,EMP016,2024-07-07
INT00911,CUST0286,Maintenance,10,1,EMP043,2024-09-29
INT00912,CUST0116,Maintenance,6,3,EMP021,2024-09-22
INT00913,CUST0264,Maintenance,3,2,EMP002,2024-11-27
INT00914,CUST0150,Support,1,2,EMP027,2024-11-15
INT00915,CUST0300,Maintenance,7,1,EMP038,2024-01-04
INT00916,CUST0442,Maintenance,4,4,EMP026,2024-01-15
INT00917,CUST0036,Maintenance,1,2,EMP038,2024-07-04
INT00918,CUST0453,Maintenance,8,4,EMP046,2024-10-28
INT00919,CUST0333,Support,12,4,EMP025,2024-06-23
INT00920,CUST0477,Maintenance,6,5,EMP011,2024-10-22
INT00921,CUST0287,Support,6,1,EMP008,2024-07-08
INT00922,CUST0303,Consultancy,2,4,EMP008,2024-06-19
INT00923,CUST0311,Support,1,1,EMP033,2024-09-25
INT00924,CUST0208,Support,13,5,EMP007,2024-04-24
INT00925,CUST0106,Maintenance,14,1,EMP038,2024-08-28
INT00926,CUST0446,Consultancy,14,2,EMP021,2024-08-31
INT00927,CUST0158,Consultancy,2,4,EMP008,2024-09-18
INT00928,CUST0121,Consultancy,4,1,EMP021,2024-11-02
INT00929,CUST0055,Consultancy,2,3,EMP020,2023-12-08
INT00930,CUST0400,Support,1,1,EMP008,2024-07-07
INT00931,CUST0012,Consultancy,7,4,EMP046,2024-02-01
INT00932,CUST0145,Support,11,5,EMP031,2024-02-06
INT00933,CUST0400,Support,11,5,EMP050,2024-08-14
INT00934,CUST0396,Support,12,4,EMP029,2024-11-27
INT00935,CUST0136,Consultancy,8,2,EMP048,2024-10-27
INT00936,CUST0468,Maintenance,6,2,EMP009,2024-05-02
INT00937,CUST0003,Maintenance,4,5,EMP015,2024-07-09
INT00938,CUST0144,Consultancy,14,5,EMP030,2024-06-01
INT00939,CUST0030,Maintenance,6,4,EMP026,2024-11-18
INT00940,CUST0237,Maintenance,3,2,EMP010,2024-06-04
INT00941,CUST0279,Support,12,5,EMP029,2024-01-12
INT00942,CUST0348,Support,8,2,EMP016,2023-12-28
INT00943,CUST0115,Consultancy,10,5,EMP036,2024-09-06
INT00944,CUST0104,Consultancy,14,1,EMP020,2024-03-24
INT00945,CUST0118,Maintenance,13,3,EMP045,2024-08-14
INT00946,CUST0005,Support,13,1,EMP037,2024-04-28
INT00947,CUST0468,Consultancy,2,5,EMP022,2024-09-08
INT00948,CUST0360,Consultancy,5,3,EMP007,2024-03-16
INT00949,CUST0248,Consultancy,1,3,EMP023,2024-08-31
INT00950,CUST0364,Consultancy,6,5,EMP041,2024-06-23
INT00951,CUST0321,Consultancy,2,5,EMP040,2024-02-24
INT00952,CUST0121,Consultancy,4,2,EMP029,2024-05-02
INT00953,CUST0286,Maintenance,6,5,EMP016,2024-04-27
INT00954,CUST0149,Support,10,4,EMP038,2024-06-08
INT00955,CUST0084,Support,11,5,EMP028,2024-07-31
INT00956,CUST0454,Consultancy,8,4,EMP048,2024-03-28
INT00957,CUST0406,Support,12,5,EMP038,2024-02-06
INT00958,CUST0466,Support,8,2,EMP031,2024-06-07
INT00959,CUST0456,Support,11,4,EMP014,2024-08-07
INT00960,CUST0231,Consultancy,6,1,EMP033,2024-07-12
INT00961,CUST0288,Consultancy,4,4,EMP009,2024-01-30
INT00962,CUST0161,Support,8,2,EMP027,2024-01-30
INT00963,CUST0272,Support,13,4,EMP024,2024-09-26
INT00964,CUST0460,Consultancy,8,5,EMP013,2024-02-14
INT00965,CUST0038,Maintenance,10,5,EMP026,2024-07-20
INT00966,CUST0500,Support,14,2,EMP029,2024-01-08
INT00967,CUST0226,Maintenance,1,3,EMP049,2024-06-15
INT00968,CUST0142,Support,4,5,EMP043,2024-09-01
INT00969,CUST0292,Maintenance,4,1,EMP028,2024-05-19
INT00970,CUST0481,Maintenance,7,2,EMP028,2024-11-06
INT00971,CUST0151,Maintenance,14,4,EMP008,2024-04-03
INT00972,CUST0114,Consultancy,14,4,EMP023,2024-02-10
INT00973,CUST0237,Maintenance,11,1,EMP029,2024-06-03
INT00974,CUST0066,Maintenance,7,5,EMP005,2024-09-24
INT00975,CUST0361,Maintenance,13,2,EMP042,2024-05-05
INT00976,CUST0341,Support,11,1,EMP007,2024-09-17
INT00977,CUST0258,Maintenance,8,5,EMP042,2024-10-29
INT00978,CUST0475,Support,11,2,EMP036,2024-03-19
INT00979,CUST0249,Maintenance,5,4,EMP041,2024-04-29
INT00980,CUST0457,Maintenance,7,2,EMP027,2024-08-08
INT00981,CUST0449,Consultancy,8,3,EMP046,2024-01-04
INT00982,CUST0331,Support,9,2,EMP002,2023-12-24
INT00983,CUST0323,Maintenance,3,3,EMP025,2024-05-02
INT00984,CUST0180,Support,3,2,EMP009,2024-08-30
INT00985,CUST0190,Support,4,3,EMP027,2023-12-10
INT00986,CUST0407,Consultancy,5,4,EMP001,2024-07-20
INT00987,CUST0154,Consultancy,10,5,EMP023,2024-06-09
INT00988,CUST0196,Consultancy,1,3,EMP010,2024-09-09
INT00989,CUST0466,Consultancy,7,3,EMP042,2024-01-09
INT00990,CUST0311,Consultancy,9,4,EMP025,2024-06-26
INT00991,CUST0262,Consultancy,8,3,EMP003,2024-09-11
INT00992,CUST0419,Consultancy,5,1,EMP006,2024-10-26
INT00993,CUST0406,Consultancy,14,4,EMP006,2024-02-09
INT00994,CUST0427,Maintenance,14,1,EMP002,2024-02-15
INT00995,CUST0143,Support,4,4,EMP018,2024-03-28
INT00996,CUST0342,Consultancy,12,3,EMP023,2024-09-18
INT00997,CUST0316,Consultancy,7,1,EMP002,2024-03-15
INT00998,CUST0101,Support,5,3,EMP012,2024-06-21
INT00999,CUST0244,Maintenance,7,4,EMP022,2023-12-27
INT01000,CUST0490,Support,12,3,EMP037,2024-10-23
INT01001,CUST0012,Support,1,1,EMP020,2024-05-31
INT01002,CUST0239,Consultancy,1,1,EMP039,2024-04-14
INT01003,CUST0049,Support,10,3,EMP024,2024-11-23
INT01004,CUST0042,Support,14,2,EMP048,2024-01-28
INT01005,CUST0166,Consultancy,13,4,EMP020,2024-10-20
INT01006,CUST0082,Consultancy,3,4,EMP001,2024-01-01
INT01007,CUST0429,Consultancy,14,3,EMP001,2024-01-09
INT01008,CUST0291,Consultancy,11,2,EMP017,2024-03-17
INT01009,CUST0158,Support,2,1,EMP001,2024-04-07
INT01010,CUST0216,Support,2,5,EMP045,2024-09-21
INT01011,CUST0490,Maintenance,7,5,EMP030,2024-11-13
INT01012,CUST0158,Maintenance,12,3,EMP041,2024-03-20
INT01013,CUST0462,Support,10,2,EMP047,2023-12-11
INT01014,CUST0134,Maintenance,2,2,EMP003,2024-11-03
INT01015,CUST0067,Support,11,4,EMP046,2024-04-07
INT01016,CUST0336,Maintenance,4,1,EMP011,2024-01-10
INT01017,CUST0007,Consultancy,2,2,EMP024,2024-03-31
INT01018,CUST0436,Maintenance,6,5,EMP022,2024-03-05
INT01019,CUST0014,Consultancy,8,1,EMP044,2024-04-27
INT01020,CUST0073,Consultancy,10,1,EMP045,2024-02-17
INT01021,CUST0399,Consultancy,4,3,EMP026,2024-01-09
INT01022,CUST0405,Consultancy,5,2,EMP013,2024-05-07
INT01023,CUST0163,Maintenance,4,3,EMP001,2024-05-16
INT01024,CUST0066,Support,3,2,EMP024,2024-01-27
INT01025,CUST0347,Consultancy,5,4,EMP010,2024-11-28
INT01026,CUST0130,Maintenance,14,3,EMP035,2024-09-10
INT01027,CUST0419,Consultancy,9,3,EMP024,2024-09-29
INT01028,CUST0466,Maintenance,8,5,EMP028,2024-10-26
INT01029,CUST0206,Maintenance,8,3,EMP036,2024-04-19
INT01030,CUST0276,Maintenance,8,2,EMP016,2024-08-18
INT01031,CUST0466,Support,12,5,EMP040,2024-11-26
INT01032,CUST0256,Maintenance,8,3,EMP016,2023-12-26
INT01033,CUST0266,Maintenance,7,3,EMP017,2024-10-04
INT01034,CUST0025,Support,8,4,EMP015,2024-06-13
INT01035,CUST0450,Support,11,3,EMP016,2024-03-12
INT01036,CUST0281,Maintenance,14,1,EMP015,2024-01-29
INT01037,CUST0253,Support,8,5,EMP034,2024-08-30
INT01038,CUST0310,Consultancy,13,1,EMP011,2024-09-19
INT01039,CUST0289,Consultancy,14,5,EMP001,2024-01-26
INT01040,CUST0164,Support,8,4,EMP015,2024-03-04
INT01041,CUST0095,Support,12,3,EMP026,2024-07-05
INT01042,CUST0270,Maintenance,10,3,EMP004,2024-01-11
INT01043,CUST0321,Support,7,3,EMP043,2024-07-01
INT01044,CUST0110,Maintenance,12,5,EMP005,2024-10-12
INT01045,CUST0336,Consultancy,1,3,EMP035,2024-09-22
INT01046,CUST0310,Support,4,1,EMP013,2024-04-02
INT01047,CUST0238,Maintenance,13,3,EMP010,2023-12-14
INT01048,CUST0381,Maintenance,13,4,EMP011,2024-08-22
INT01049,CUST0436,Consultancy,4,1,EMP018,2024-08-25
INT01050,CUST0387,Support,5,3,EMP034,2024-01-03
INT01051,CUST0483,Consultancy,10,3,EMP039,2024-09-01
INT01052,CUST0425,Maintenance,6,2,EMP041,2024-07-11
INT01053,CUST0390,Maintenance,4,5,EMP042,2023-12-25
INT01054,CUST0025,Support,2,1,EMP050,2024-02-13
INT01055,CUST0141,Maintenance,6,2,EMP023,2024-04-15
INT01056,CUST0117,Support,8,4,EMP007,2024-06-19
INT01057,CUST0482,Consultancy,8,5,EMP039,2024-07-01
INT01058,CUST0392,Support,7,1,EMP003,2024-06-27
INT01059,CUST0405,Support,6,3,EMP012,2024-10-10
INT01060,CUST0482,Maintenance,2,1,EMP007,2024-05-30
INT01061,CUST0452,Maintenance,7,3,EMP049,2024-06-04
INT01062,CUST0025,Support,11,5,EMP026,2024-04-15
INT01063,CUST0079,Maintenance,12,3,EMP033,2024-03-20
INT01064,CUST0068,Maintenance,14,4,EMP037,2024-08-29
INT01065,CUST0173,Maintenance,14,3,EMP048,2024-01-14
INT01066,CUST0444,Support,5,4,EMP015,2024-11-08
INT01067,CUST0012,Maintenance,6,5,EMP002,2024-01-30
INT01068,CUST0288,Support,10,5,EMP041,2024-03-22
INT01069,CUST0128,Maintenance,8,1,EMP007,2024-11-23
INT01070,CUST0096,Consultancy,14,4,EMP032,2024-02-07
INT01071,CUST0092,Maintenance,8,4,EMP004,2024-06-22
INT01072,CUST0141,Maintenance,3,2,EMP020,2024-01-10
INT01073,CUST0031,Support,12,2,EMP050,2024-11-06
INT01074,CUST0334,Support,12,2,EMP036,2024-07-09
INT01075,CUST0020,Maintenance,14,3,EMP032,2024-11-20
INT01076,CUST0146,Consultancy,7,2,EMP028,2024-04-28
INT01077,CUST0477,Maintenance,1,4,EMP013,2024-02-03
INT01078,CUST0316,Maintenance,1,3,EMP001,2024-03-26
INT01079,CUST0447,Consultancy,7,5,EMP035,2024-11-23
INT01080,CUST0390,Support,10,1,EMP048,2024-04-19
INT01081,CUST0160,Maintenance,9,2,EMP030,2024-06-25
INT01082,CUST0349,Support,7,5,EMP036,2024-06-12
INT01083,CUST0043,Support,10,4,EMP025,2024-03-18
INT01084,CUST0254,Consultancy,5,1,EMP016,2024-06-05
INT01085,CUST0130,Consultancy,8,5,EMP019,2024-07-02
INT01086,CUST0060,Support,2,1,EMP001,2024-05-02
INT01087,CUST0151,Maintenance,9,2,EMP005,2024-07-07
INT01088,CUST0467,Support,6,4,EMP022,2024-01-04
INT01089,CUST0287,Maintenance,13,1,EMP024,2023-12-15
INT01090,CUST0499,Maintenance,9,5,EMP043,2024-01-19
INT01091,CUST0005,Consultancy,2,2,EMP045,2024-07-28
INT01092,CUST0467,Maintenance,3,2,EMP037,2024-02-22
INT01093,CUST0418,Maintenance,12,5,EMP036,2024-04-30
INT01094,CUST0266,Support,8,5,EMP036,2024-02-11
INT01095,CUST0345,Consultancy,1,1,EMP004,2024-03-24
INT01096,CUST0130,Maintenance,10,3,EMP036,2024-07-02
INT01097,CUST0382,Maintenance,7,2,EMP018,2024-05-16
INT01098,CUST0267,Consultancy,7,1,EMP050,2024-01-13
INT01099,CUST0178,Support,13,5,EMP016,2024-03-19
INT01100,CUST0253,Consultancy,1,1,EMP041,2024-09-05
INT01101,CUST0415,Consultancy,9,5,EMP018,2024-08-21
INT01102,CUST0056,Maintenance,8,4,EMP022,2024-02-25
INT01103,CUST0463,Maintenance,4,5,EMP002,2024-05-03
INT01104,CUST0457,Support,10,5,EMP021,2024-11-15
INT01105,CUST0471,Maintenance,11,5,EMP036,2024-07-12
INT01106,CUST0083,Maintenance,5,3,EMP044,2024-12-04
INT01107,CUST0393,Consultancy,2,5,EMP039,2024-05-02
INT01108,CUST0099,Maintenance,13,2,EMP047,2024-10-09
INT01109,CUST0149,Support,9,2,EMP039,2023-12-27
INT01110,CUST0329,Consultancy,12,1,EMP029,2024-04-18
INT01111,CUST0156,Support,12,3,EMP026,2024-01-22
INT01112,CUST0190,Consultancy,6,1,EMP021,2024-11-05
INT01113,CUST0494,Maintenance,3,2,EMP017,2024-05-13
INT01114,CUST0371,Consultancy,12,2,EMP016,2024-02-24
INT01115,CUST0263,Consultancy,7,4,EMP031,2024-01-31
INT01116,CUST0080,Maintenance,9,5,EMP009,2024-08-02
INT01117,CUST0400,Maintenance,3,2,EMP031,2024-09-07
INT01118,CUST0252,Support,2,1,EMP014,2024-06-16
INT01119,CUST0097,Support,7,1,EMP049,2024-04-08
INT01120,CUST0260,Maintenance,7,5,EMP037,2024-03-27
INT01121,CUST0260,Maintenance,4,5,EMP002,2024-10-01
INT01122,CUST0103,Maintenance,11,4,EMP048,2024-07-25
INT01123,CUST0040,Consultancy,9,3,EMP046,2024-11-10
INT01124,CUST0273,Consultancy,14,1,EMP014,2024-04-27
INT01125,CUST0101,Consultancy,8,5,EMP033,2024-12-07
INT01126,CUST0359,Maintenance,13,1,EMP035,2024-04-14
INT01127,CUST0380,Support,13,5,EMP039,2024-08-19
INT01128,CUST0308,Maintenance,1,2,EMP047,2024-10-19
INT01129,CUST0221,Consultancy,1,1,EMP020,2024-02-26
INT01130,CUST0308,Consultancy,5,2,EMP002,2024-06-25
INT01131,CUST0420,Maintenance,6,1,EMP041,2024-09-07
INT01132,CUST0124,Maintenance,3,3,EMP019,2024-10-03
INT01133,CUST0422,Consultancy,13,4,EMP037,2024-06-22
INT01134,CUST0231,Consultancy,9,2,EMP018,2024-02-25
INT01135,CUST0178,Consultancy,12,5,EMP016,2024-09-07
INT01136,CUST0063,Maintenance,10,3,EMP004,2024-08-18
INT01137,CUST0485,Consultancy,14,1,EMP012,2024-11-21
INT01138,CUST0116,Consultancy,6,2,EMP029,2024-08-05
INT01139,CUST0191,Support,4,1,EMP007,2024-05-16
INT01140,CUST0062,Maintenance,12,1,EMP014,2024-05-10
INT01141,CUST0256,Support,7,1,EMP012,2023-12-24
INT01142,CUST0483,Support,8,4,EMP035,2024-06-12
INT01143,CUST0007,Consultancy,9,4,EMP005,2024-01-27
INT01144,CUST0155,Maintenance,13,5,EMP017,2024-10-21
INT01145,CUST0092,Consultancy,11,2,EMP042,2024-03-24
INT01146,CUST0470,Maintenance,6,3,EMP032,2024-10-11
INT01147,CUST0014,Support,6,3,EMP010,2024-06-19
INT01148,CUST0455,Maintenance,8,3,EMP043,2024-08-10
INT01149,CUST0229,Consultancy,12,1,EMP017,2024-11-28
INT01150,CUST0086,Consultancy,5,4,EMP005,2024-08-25
INT01151,CUST0133,Consultancy,14,2,EMP045,2024-09-18
INT01152,CUST0183,Maintenance,3,1,EMP042,2024-10-29
INT01153,CUST0386,Support,12,4,EMP009,2024-10-13
INT01154,CUST0062,Support,3,4,EMP049,2024-05-18
INT01155,CUST0219,Maintenance,13,2,EMP033,2024-03-03
INT01156,CUST0405,Consultancy,6,2,EMP036,2024-03-22
INT01157,CUST0246,Support,2,2,EMP036,2024-02-20
INT01158,CUST0230,Consultancy,6,1,EMP018,2024-02-23
INT01159,CUST0079,Maintenance,13,5,EMP009,2024-11-25
INT01160,CUST0149,Consultancy,6,2,EMP029,2024-03-09
INT01161,CUST0138,Support,8,5,EMP050,2024-06-08
INT01162,CUST0471,Support,7,1,EMP014,2024-07-05
INT01163,CUST0314,Consultancy,8,5,EMP025,2024-02-27
INT01164,CUST0376,Maintenance,14,3,EMP015,2024-11-24
INT01165,CUST0423,Consultancy,9,5,EMP006,2024-02-21
INT01166,CUST0389,Maintenance,6,2,EMP042,2024-04-29
INT01167,CUST0065,Consultancy,14,1,EMP029,2024-10-14
INT01168,CUST0013,Support,3,2,EMP015,2024-09-25
INT01169,CUST0213,Maintenance,10,3,EMP029,2024-05-05
INT01170,CUST0474,Maintenance,3,2,EMP004,2024-06-15
INT01171,CUST0242,Maintenance,11,2,EMP018,2024-02-13
INT01172,CUST0493,Support,12,2,EMP050,2023-12-16
INT01173,CUST0213,Consultancy,1,4,EMP049,2024-01-26
INT01174,CUST0181,Support,11,3,EMP044,2024-07-25
INT01175,CUST0338,Maintenance,13,2,EMP039,2024-01-03
INT01176,CUST0485,Consultancy,5,2,EMP016,2024-08-27
INT01177,CUST0173,Support,14,2,EMP011,2024-03-22
INT01178,CUST0160,Maintenance,4,1,EMP014,2024-06-06
INT01179,CUST0164,Maintenance,9,4,EMP003,2024-06-05
INT01180,CUST0465,Support,9,1,EMP050,2024-01-04
INT01181,CUST0483,Support,14,4,EMP042,2024-06-06
INT01182,CUST0497,Support,5,2,EMP038,2024-07-25
INT01183,CUST0188,Maintenance,10,3,EMP045,2024-11-09
INT01184,CUST0395,Support,4,5,EMP042,2024-05-24
INT01185,CUST0191,Maintenance,7,5,EMP018,2023-12-26
INT01186,CUST0405,Support,6,2,EMP020,2024-10-31
INT01187,CUST0308,Maintenance,4,1,EMP048,2024-09-23
INT01188,CUST0256,Maintenance,13,3,EMP025,2024-07-29
INT01189,CUST0183,Consultancy,13,4,EMP038,2024-10-26
INT01190,CUST0117,Support,10,2,EMP013,2024-11-04
INT01191,CUST0282,Support,2,3,EMP004,2024-10-01
INT01192,CUST0196,Maintenance,1,3,EMP014,2024-02-29
INT01193,CUST0034,Maintenance,4,4,EMP033,2024-10-01
INT01194,CUST0052,Maintenance,4,3,EMP028,2024-07-16
INT01195,CUST0112,Consultancy,13,1,EMP037,2024-06-24
INT01196,CUST0252,Consultancy,1,1,EMP008,2024-04-19
INT01197,CUST0082,Maintenance,6,1,EMP044,2024-11-19
INT01198,CUST0232,Support,4,3,EMP034,2024-10-25
INT01199,CUST0227,Support,1,1,EMP044,2024-06-19
INT01200,CUST0233,Consultancy,1,4,EMP005,2024-04-09
INT01201,CUST0221,Consultancy,13,3,EMP005,2023-12-09
INT01202,CUST0436,Maintenance,1,5,EMP031,2024-04-10
INT01203,CUST0413,Support,8,3,EMP045,2024-10-29
INT01204,CUST0422,Maintenance,10,4,EMP009,2024-08-12
INT01205,CUST0042,Consultancy,8,5,EMP042,2024-11-18
INT01206,CUST0021,Support,2,3,EMP032,2024-05-01
INT01207,CUST0042,Support,11,1,EMP033,2024-03-17
INT01208,CUST0397,Consultancy,13,2,EMP003,2024-01-23
INT01209,CUST0113,Maintenance,7,2,EMP030,2024-07-20
INT01210,CUST0105,Maintenance,14,1,EMP050,2024-08-20
INT01211,CUST0192,Support,8,2,EMP012,2024-02-12
INT01212,CUST0017,Consultancy,8,2,EMP029,2024-11-09
INT01213,CUST0120,Support,11,1,EMP003,2024-04-06
INT01214,CUST0393,Consultancy,10,1,EMP026,2024-08-14
INT01215,CUST0425,Maintenance,11,3,EMP030,2024-06-17
INT01216,CUST0129,Consultancy,13,3,EMP009,2024-03-01
INT01217,CUST0130,Maintenance,7,1,EMP026,2024-06-20
INT01218,CUST0060,Consultancy,5,4,EMP002,2024-04-05
INT01219,CUST0048,Support,1,2,EMP003,2024-03-15
INT01220,CUST0029,Maintenance,12,3,EMP046,2024-09-25
INT01221,CUST0097,Support,9,2,EMP004,2024-12-03
INT01222,CUST0010,Support,13,5,EMP025,2024-03-29
INT01223,CUST0242,Maintenance,7,1,EMP013,2024-11-02
INT01224,CUST0314,Maintenance,2,4,EMP039,2024-06-23
INT01225,CUST0444,Support,6,5,EMP044,2024-03-06
INT01226,CUST0232,Support,2,5,EMP035,2023-12-20
INT01227,CUST0277,Support,1,5,EMP023,2024-05-02
INT01228,CUST0284,Support,14,1,EMP009,2024-11-14
INT01229,CUST0203,Maintenance,7,3,EMP002,2024-04-18
INT01230,CUST0247,Maintenance,13,1,EMP041,2024-04-14
INT01231,CUST0290,Support,2,3,EMP044,2024-06-06
INT01232,CUST0264,Consultancy,13,5,EMP031,2023-12-29
INT01233,CUST0443,Consultancy,14,5,EMP044,2024-07-29
INT01234,CUST0214,Maintenance,14,4,EMP047,2024-08-27
INT01235,CUST0200,Support,2,3,EMP002,2024-02-18
INT01236,CUST0433,Support,13,5,EMP032,2024-02-22
INT01237,CUST0079,Maintenance,11,2,EMP018,2024-07-07
INT01238,CUST0401,Consultancy,5,4,EMP013,2024-08-21
INT01239,CUST0444,Consultancy,14,1,EMP046,2024-01-22
INT01240,CUST0343,Consultancy,5,4,EMP005,2024-02-20
INT01241,CUST0344,Maintenance,7,2,EMP042,2024-04-28
INT01242,CUST0173,Consultancy,1,3,EMP044,2024-03-08
INT01243,CUST0467,Maintenance,8,1,EMP010,2024-11-14
INT01244,CUST0069,Maintenance,3,1,EMP043,2024-10-21
INT01245,CUST0416,Support,4,3,EMP025,2024-10-13
INT01246,CUST0428,Consultancy,9,4,EMP034,2024-02-03
INT01247,CUST0449,Maintenance,4,5,EMP037,2024-09-28
INT01248,CUST0087,Consultancy,10,4,EMP030,2024-12-07
INT01249,CUST0101,Consultancy,12,2,EMP007,2024-04-13
INT01250,CUST0008,Support,5,5,EMP006,2024-09-08
INT01251,CUST0333,Consultancy,7,4,EMP003,2024-04-25
INT01252,CUST0200,Support,4,3,EMP013,2024-07-04
INT01253,CUST0087,Maintenance,14,2,EMP003,2024-04-27
INT01254,CUST0043,Consultancy,1,2,EMP026,2024-07-16
INT01255,CUST0385,Maintenance,9,2,EMP024,2024-05-12
INT01256,CUST0109,Consultancy,4,5,EMP006,2024-11-26
INT01257,CUST0435,Maintenance,9,1,EMP043,2024-07-31
INT01258,CUST0408,Consultancy,6,5,EMP049,2024-03-11
INT01259,CUST0483,Consultancy,1,4,EMP042,2024-04-11
INT01260,CUST0152,Consultancy,12,1,EMP012,2024-04-02
INT01261,CUST0017,Consultancy,3,4,EMP049,2024-01-25
INT01262,CUST0133,Consultancy,11,1,EMP036,2024-08-30
INT01263,CUST0148,Consultancy,2,5,EMP002,2024-11-24
INT01264,CUST0277,Consultancy,9,2,EMP011,2024-06-12
INT01265,CUST0232,Consultancy,12,3,EMP039,2024-01-09
INT01266,CUST0314,Consultancy,1,2,EMP034,2024-01-21
INT01267,CUST0415,Maintenance,13,5,EMP026,2024-11-30
INT01268,CUST0366,Support,14,1,EMP018,2024-07-12
INT01269,CUST0228,Consultancy,9,2,EMP021,2024-02-09
INT01270,CUST0139,Support,9,5,EMP036,2024-12-03
INT01271,CUST0436,Consultancy,8,4,EMP040,2024-11-22
INT01272,CUST0399,Consultancy,8,3,EMP046,2024-04-07
INT01273,CUST0211,Maintenance,11,2,EMP044,2024-07-17
INT01274,CUST0391,Maintenance,14,1,EMP022,2024-11-26
INT01275,CUST0499,Support,12,4,EMP030,2024-05-22
INT01276,CUST0028,Maintenance,1,5,EMP050,2023-12-12
INT01277,CUST0051,Maintenance,11,3,EMP043,2024-06-13
INT01278,CUST0491,Support,8,1,EMP030,2024-03-14
INT01279,CUST0442,Maintenance,10,5,EMP008,2024-10-05
INT01280,CUST0261,Consultancy,14,5,EMP034,2024-10-06
INT01281,CUST0261,Support,3,2,EMP047,2024-02-16
INT01282,CUST0350,Support,11,2,EMP009,2023-12-24
INT01283,CUST0352,Consultancy,7,1,EMP020,2024-01-30
INT01284,CUST0008,Maintenance,11,5,EMP040,2024-01-22
INT01285,CUST0320,Support,1,2,EMP025,2024-10-22
INT01286,CUST0138,Support,1,3,EMP019,2024-06-19
INT01287,CUST0038,Consultancy,10,3,EMP005,2024-02-18
INT01288,CUST0111,Consultancy,13,5,EMP011,2024-08-24
INT01289,CUST0480,Maintenance,5,2,EMP015,2024-03-08
INT01290,CUST0368,Support,5,1,EMP008,2024-12-07
INT01291,CUST0220,Maintenance,8,1,EMP019,2024-08-31
INT01292,CUST0337,Maintenance,7,1,EMP023,2024-06-12
INT01293,CUST0223,Consultancy,8,3,EMP027,2023-12-27
INT01294,CUST0136,Support,6,2,EMP040,2024-09-29
INT01295,CUST0256,Support,6,2,EMP032,2024-12-01
INT01296,CUST0360,Support,2,3,EMP026,2024-09-11
INT01297,CUST0409,Consultancy,6,1,EMP027,2024-10-25
INT01298,CUST0329,Consultancy,5,1,EMP019,2024-12-06
INT01299,CUST0450,Consultancy,13,5,EMP050,2024-05-31
INT01300,CUST0463,Consultancy,3,4,EMP042,2024-09-29
INT01301,CUST0434,Consultancy,6,2,EMP029,2024-11-12
INT01302,CUST0451,Support,8,2,EMP039,2024-01-12
INT01303,CUST0049,Maintenance,9,2,EMP041,2024-10-13
INT01304,CUST0292,Support,1,4,EMP033,2024-03-08
INT01305,CUST0382,Maintenance,3,5,EMP019,2023-12-18
INT01306,CUST0324,Consultancy,3,4,EMP037,2024-02-02
INT01307,CUST0078,Maintenance,11,1,EMP019,2023-12-28
INT01308,CUST0105,Support,8,1,EMP033,2024-09-15
INT01309,CUST0169,Support,1,2,EMP047,2024-06-15
INT01310,CUST0217,Maintenance,5,3,EMP016,2023-12-14
INT01311,CUST0378,Consultancy,3,2,EMP023,2024-01-28
INT01312,CUST0119,Consultancy,2,3,EMP007,2024-11-15
INT01313,CUST0190,Support,8,4,EMP026,2024-06-06
INT01314,CUST0255,Maintenance,3,1,EMP032,2024-05-13
INT01315,CUST0370,Consultancy,7,3,EMP012,2023-12-13
INT01316,CUST0266,Consultancy,12,4,EMP008,2024-01-04
INT01317,CUST0149,Support,11,1,EMP005,2024-02-18
INT01318,CUST0164,Consultancy,1,3,EMP042,2024-06-15
INT01319,CUST0140,Maintenance,6,2,EMP028,2024-06-18
INT01320,CUST0347,Support,3,2,EMP005,2024-02-14
INT01321,CUST0488,Support,8,2,EMP049,2024-08-12
INT01322,CUST0258,Maintenance,6,4,EMP026,2024-06-12
INT01323,CUST0374,Support,12,2,EMP005,2024-08-09
INT01324,CUST0269,Consultancy,2,5,EMP022,2024-03-02
INT01325,CUST0181,Consultancy,6,1,EMP015,2024-09-27
INT01326,CUST0160,Maintenance,7,4,EMP013,2024-08-04
INT01327,CUST0351,Consultancy,5,2,EMP028,2024-01-21
INT01328,CUST0400,Maintenance,3,1,EMP033,2024-09-20
INT01329,CUST0288,Maintenance,4,3,EMP043,2024-07-01
INT01330,CUST0288,Consultancy,4,2,EMP023,2024-04-07
INT01331,CUST0380,Maintenance,6,1,EMP033,2024-09-25
INT01332,CUST0226,Consultancy,10,5,EMP043,2024-03-10
INT01333,CUST0011,Support,1,3,EMP018,2024-03-02
INT01334,CUST0010,Support,11,5,EMP050,2024-06-16
INT01335,CUST0271,Maintenance,4,1,EMP030,2024-01-23
INT01336,CUST0273,Consultancy,10,5,EMP026,2024-11-27
INT01337,CUST0424,Consultancy,13,1,EMP016,2024-05-12
INT01338,CUST0402,Support,4,1,EMP013,2024-11-21
INT01339,CUST0183,Support,10,5,EMP039,2024-07-14
INT01340,CUST0457,Consultancy,1,1,EMP033,2024-04-16
INT01341,CUST0153,Maintenance,9,2,EMP026,2024-02-22
INT01342,CUST0488,Support,4,1,EMP048,2024-05-08
INT01343,CUST0315,Maintenance,7,4,EMP001,2024-06-02
INT01344,CUST0334,Maintenance,12,1,EMP049,2024-02-25
INT01345,CUST0124,Support,14,4,EMP038,2024-03-11
INT01346,CUST0473,Maintenance,3,1,EMP002,2024-02-23
INT01347,CUST0114,Maintenance,10,1,EMP049,2024-06-22
INT01348,CUST0278,Consultancy,12,5,EMP006,2024-10-23
INT01349,CUST0500,Maintenance,3,2,EMP046,2024-10-31
INT01350,CUST0414,Consultancy,14,2,EMP050,2024-07-17
INT01351,CUST0468,Support,8,3,EMP038,2024-05-11
INT01352,CUST0213,Support,8,5,EMP042,2024-02-16
INT01353,CUST0172,Consultancy,11,5,EMP024,2024-10-10
INT01354,CUST0288,Support,12,2,EMP018,2023-12-15
INT01355,CUST0435,Maintenance,1,5,EMP027,2024-09-14
INT01356,CUST0174,Maintenance,10,2,EMP041,2024-11-06
INT01357,CUST0113,Maintenance,2,5,EMP008,2024-04-30
INT01358,CUST0376,Support,8,1,EMP028,2023-12-20
INT01359,CUST0405,Maintenance,1,2,EMP010,2024-05-29
INT01360,CUST0483,Support,12,2,EMP017,2024-06-19
INT01361,CUST0122,Maintenance,8,4,EMP029,2024-03-25
INT01362,CUST0032,Consultancy,8,5,EMP006,2024-09-09
INT01363,CUST0222,Support,2,5,EMP014,2023-12-18
INT01364,CUST0119,Support,4,2,EMP022,2024-02-13
INT01365,CUST0039,Maintenance,6,1,EMP006,2024-03-28
INT01366,CUST0497,Support,12,1,EMP026,2023-12-24
INT01367,CUST0268,Support,11,1,EMP039,2024-11-02
INT01368,CUST0233,Consultancy,9,5,EMP012,2024-09-21
INT01369,CUST0431,Consultancy,8,4,EMP035,2024-05-09
INT01370,CUST0018,Maintenance,12,2,EMP014,2023-12-29
INT01371,CUST0149,Consultancy,8,3,EMP022,2024-05-23
INT01372,CUST0397,Maintenance,7,4,EMP023,2024-05-19
INT01373,CUST0149,Maintenance,14,3,EMP048,2024-12-02
INT01374,CUST0126,Maintenance,13,4,EMP007,2024-05-24
INT01375,CUST0392,Support,9,1,EMP040,2024-01-01
INT01376,CUST0302,Consultancy,2,5,EMP050,2024-08-18
INT01377,CUST0360,Maintenance,3,3,EMP025,2024-06-19
INT01378,CUST0238,Consultancy,10,4,EMP013,2024-12-05
INT01379,CUST0135,Maintenance,8,5,EMP021,2024-10-28
INT01380,CUST0151,Consultancy,14,3,EMP041,2024-06-09
INT01381,CUST0236,Consultancy,6,2,EMP010,2024-03-10
INT01382,CUST0224,Maintenance,10,4,EMP009,2024-12-05
INT01383,CUST0203,Support,9,2,EMP015,2024-08-17
INT01384,CUST0256,Consultancy,10,1,EMP002,2024-09-09
INT01385,CUST0086,Support,4,2,EMP025,2024-06-07
INT01386,CUST0150,Support,8,2,EMP013,2024-03-24
INT01387,CUST0235,Maintenance,10,4,EMP034,2023-12-20
INT01388,CUST0345,Maintenance,3,1,EMP034,2023-12-24
INT01389,CUST0022,Maintenance,3,2,EMP035,2024-12-05
INT01390,CUST0348,Consultancy,8,5,EMP038,2024-07-03
INT01391,CUST0285,Maintenance,5,3,EMP003,2024-07-13
INT01392,CUST0269,Maintenance,3,2,EMP042,2024-09-21
INT01393,CUST0466,Consultancy,10,1,EMP006,2024-08-31
INT01394,CUST0258,Consultancy,11,2,EMP048,2024-09-15
INT01395,CUST0029,Maintenance,1,3,EMP049,2024-05-04
INT01396,CUST0213,Maintenance,3,1,EMP019,2024-11-30
INT01397,CUST0463,Maintenance,12,4,EMP003,2024-01-20
INT01398,CUST0436,Maintenance,9,1,EMP018,2024-07-29
INT01399,CUST0283,Support,5,4,EMP039,2024-02-15
INT01400,CUST0050,Support,12,1,EMP009,2024-08-11
INT01401,CUST0095,Maintenance,10,3,EMP012,2024-02-02
INT01402,CUST0463,Support,2,3,EMP005,2024-01-28
INT01403,CUST0499,Consultancy,7,1,EMP003,2024-05-14
INT01404,CUST0407,Support,2,2,EMP011,2024-05-06
INT01405,CUST0088,Support,4,3,EMP030,2024-10-09
INT01406,CUST0044,Maintenance,12,4,EMP004,2024-07-08
INT01407,CUST0461,Support,7,4,EMP005,2024-01-11
INT01408,CUST0278,Support,4,5,EMP001,2024-08-15
INT01409,CUST0171,Support,7,4,EMP027,2024-06-29
INT01410,CUST0421,Support,7,5,EMP028,2024-08-17
INT01411,CUST0189,Consultancy,1,1,EMP029,2024-09-12
INT01412,CUST0353,Maintenance,6,1,EMP018,2024-08-18
INT01413,CUST0184,Maintenance,9,1,EMP012,2024-05-19
INT01414,CUST0003,Consultancy,2,2,EMP013,2023-12-16
INT01415,CUST0191,Support,14,2,EMP041,2024-10-14
INT01416,CUST0118,Consultancy,3,5,EMP002,2024-05-13
INT01417,CUST0019,Support,10,4,EMP037,2024-11-19
INT01418,CUST0023,Consultancy,5,4,EMP045,2024-09-26
INT01419,CUST0413,Maintenance,9,1,EMP016,2024-03-08
INT01420,CUST0030,Maintenance,4,3,EMP048,2024-02-18
INT01421,CUST0295,Maintenance,1,2,EMP024,2024-10-25
INT01422,CUST0108,Support,4,2,EMP035,2024-04-13
INT01423,CUST0367,Support,6,1,EMP022,2024-04-25
INT01424,CUST0281,Consultancy,5,2,EMP036,2024-09-09
INT01425,CUST0128,Consultancy,14,1,EMP011,2024-02-27
INT01426,CUST0229,Maintenance,13,5,EMP046,2024-07-19
INT01427,CUST0111,Support,1,4,EMP029,2024-06-30
INT01428,CUST0136,Consultancy,4,3,EMP035,2024-04-28
INT01429,CUST0362,Support,6,4,EMP048,2024-06-20
INT01430,CUST0186,Support,13,4,EMP015,2024-06-13
INT01431,CUST0144,Maintenance,10,5,EMP031,2024-09-21
INT01432,CUST0072,Maintenance,10,2,EMP042,2024-01-15
INT01433,CUST0129,Support,14,3,EMP041,2024-10-25
INT01434,CUST0364,Support,4,2,EMP043,2024-06-07
INT01435,CUST0261,Support,14,4,EMP016,2024-11-01
INT01436,CUST0003,Support,9,1,EMP010,2024-08-21
INT01437,CUST0449,Maintenance,5,4,EMP049,2023-12-12
INT01438,CUST0388,Consultancy,8,2,EMP032,2024-07-20
INT01439,CUST0104,Maintenance,9,4,EMP002,2024-10-26
INT01440,CUST0483,Consultancy,10,1,EMP024,2024-11-23
INT01441,CUST0224,Support,5,5,EMP023,2023-12-21
INT01442,CUST0320,Consultancy,6,2,EMP002,2024-11-30
INT01443,CUST0362,Maintenance,1,4,EMP038,2024-10-02
INT01444,CUST0354,Maintenance,11,2,EMP031,2024-05-08
INT01445,CUST0491,Support,12,5,EMP040,2024-07-11
INT01446,CUST0473,Maintenance,7,4,EMP026,2024-02-27
INT01447,CUST0010,Support,4,4,EMP029,2024-09-30
INT01448,CUST0405,Maintenance,11,2,EMP003,2024-04-29
INT01449,CUST0384,Maintenance,2,2,EMP014,2024-01-13
INT01450,CUST0302,Support,5,1,EMP025,2024-07-06
INT01451,CUST0231,Consultancy,12,5,EMP048,2024-04-30
INT01452,CUST0219,Maintenance,3,1,EMP001,2024-02-26
INT01453,CUST0411,Consultancy,6,4,EMP003,2024-06-08
INT01454,CUST0066,Maintenance,8,2,EMP026,2024-06-05
INT01455,CUST0425,Maintenance,7,4,EMP018,2024-09-16
INT01456,CUST0112,Maintenance,3,4,EMP009,2024-11-26
INT01457,CUST0013,Maintenance,8,3,EMP038,2024-11-07
INT01458,CUST0393,Consultancy,2,3,EMP023,2024-07-16
INT01459,CUST0500,Consultancy,10,4,EMP021,2024-06-07
INT01460,CUST0420,Maintenance,9,2,EMP001,2024-09-16
INT01461,CUST0086,Maintenance,4,4,EMP021,2024-01-20
INT01462,CUST0234,Consultancy,1,3,EMP027,2024-07-11
INT01463,CUST0090,Support,8,2,EMP042,2024-09-30
INT01464,CUST0314,Support,7,4,EMP006,2024-01-26
INT01465,CUST0054,Consultancy,11,5,EMP044,2024-07-27
INT01466,CUST0012,Maintenance,13,5,EMP036,2024-06-07
INT01467,CUST0209,Maintenance,5,4,EMP028,2024-01-01
INT01468,CUST0462,Support,10,2,EMP045,2024-04-05
INT01469,CUST0014,Support,13,4,EMP017,2024-05-31
INT01470,CUST0121,Consultancy,5,4,EMP040,2024-01-11
INT01471,CUST0418,Support,7,3,EMP003,2024-09-20
INT01472,CUST0437,Consultancy,5,5,EMP012,2024-03-02
INT01473,CUST0377,Support,8,3,EMP039,2024-12-01
INT01474,CUST0020,Support,11,3,EMP012,2024-02-29
INT01475,CUST0075,Support,13,4,EMP002,2024-05-15
INT01476,CUST0400,Maintenance,6,3,EMP046,2024-04-23
INT01477,CUST0243,Maintenance,13,5,EMP022,2024-05-19
INT01478,CUST0223,Maintenance,5,3,EMP023,2024-07-11
INT01479,CUST0070,Support,9,5,EMP030,2024-11-09
INT01480,CUST0312,Consultancy,11,3,EMP005,2024-04-06
INT01481,CUST0211,Consultancy,2,5,EMP009,2024-08-29
INT01482,CUST0101,Consultancy,1,3,EMP021,2024-01-15
INT01483,CUST0186,Consultancy,8,3,EMP011,2024-07-08
INT01484,CUST0132,Maintenance,12,2,EMP005,2024-06-20
INT01485,CUST0111,Maintenance,3,5,EMP035,2024-04-01
INT01486,CUST0381,Support,14,5,EMP027,2024-02-10
INT01487,CUST0132,Support,11,5,EMP049,2024-10-14
INT01488,CUST0020,Consultancy,12,1,EMP002,2024-03-03
INT01489,CUST0394,Maintenance,12,3,EMP024,2024-07-10
INT01490,CUST0024,Consultancy,12,5,EMP031,2024-06-01
INT01491,CUST0227,Support,7,1,EMP033,2024-07-13
INT01492,CUST0154,Support,10,2,EMP039,2024-01-15
INT01493,CUST0293,Consultancy,13,5,EMP030,2024-04-17
INT01494,CUST0230,Support,11,5,EMP046,2024-01-24
INT01495,CUST0469,Consultancy,8,1,EMP037,2024-03-26
INT01496,CUST0310,Maintenance,13,3,EMP028,2024-06-17
INT01497,CUST0488,Consultancy,13,2,EMP031,2024-11-11
INT01498,CUST0359,Maintenance,6,5,EMP011,2024-08-20
INT01499,CUST0405,Maintenance,12,3,EMP023,2024-07-18
INT01500,CUST0202,Support,10,2,EMP002,2024-02-24
